use AUTOHAUS

insert into nacionalidades(cod_nacionalidad, nom_nacionalidad)
values  ('GER', 'Alemana'),
		('ITA', 'Italiana'),
		('FRA', 'Francesa'),
		('USA', 'Americana'),
		('JAP', 'Japonesa')
go

insert into provincias(cod_provincia, nombre_provincia)
values('BA', 'Buenos Aires'),
	  ('CA', 'Catamarca'),
	  ('CH', 'Chaco'),
	  ('CT', 'Chubut'),
	  ('CB', 'Cordoba'),
	  ('CR', 'Corrientes'),
	  ('ER', 'Entre Rios'),
	  ('FO', 'Formosa'),
	  ('JY', 'Jujuy'),
	  ('LP', 'La Pampa'),
	  ('LR', 'La Rioja'),
	  ('MZ', 'Mendoza'),
	  ('MI', 'Misiones'),
	  ('NQ', 'Neuquen'),
	  ('RN', 'Rio Negro'),
	  ('SA', 'Salta '),
	  ('SJ', 'San Juan'),
	  ('SL', 'San Luis'),
	  ('SC', 'Santa Cruz'),
	  ('SF', 'Santa Fe'),
	  ('SE', 'Santiago del Estero'),
	  ('TF', 'Tierra del Fuego'),
	  ('TU', 'Tucuman')
go

insert into localidades(id_localidad, nombre_localidad, cod_provincia)
values(1, 'Rio Cuarto', 'CB'),
	  (2, 'Cordoba Capital', 'CB'),
	  (3, 'San Miguel', 'TU'),
	  (4, 'Jesus Maria', 'CB'),
	  (5, 'Oncativo', 'CB')
go

insert into marcas (id_marca, nombre_marca, cod_nacionalidad)
values  (1, 'Audi', 'GER'),
	--	(2, 'BMW', 'GER'),
		(3, 'Chevrolet', 'USA'),
	--	(4, 'Mazda', 'JAP'),
	--	(5, 'Mercedes Benz', 'GER' ),
	--	(6, 'Mitsubishi', 'JAP'),
	--	(7, 'Nissan', 'JAP'),
	--	(8, 'Peugeot', 'FRA'),
	--	(9, 'Chrysler/Jeep/Dodge', 'USA'),
	--	(10, 'Citroen', 'FRA'),
	--	(11, 'Fiat', 'ITA'),
		(12, 'Ford', 'USA'),
		(13, 'Volkswagen', 'GER')
go

insert into modelos (id_marca, id_modelo, nombre_modelo)
values  (1, 1, 'A1'),
		(1, 2, 'A3'),
		(1, 3, 'A4'),
		(1, 4, 'Q5'),
	/*	(2, 1, '118i'),
		(2, 2, '320D'),
		(2, 3, '325i'),
		(2, 4, '335i'),
		(2, 5, 'X1D'),
	*/	(3, 1, 'Agile'),
		(3, 2, 'Astra'),
		(3, 3, 'Aveo'),
		(3, 4, 'Captiva'),
		(3, 5, 'Celta'),
		(3, 6, 'Cobalt'),
		(3, 7, 'Corsa'),
		(3 ,8, 'Corsa II'),
		(3, 9, 'Corsa Wagon'),
		(3, 10, 'Cruze'),
		(3, 11, 'Meriva'),
		(3, 12, 'Montana'),
		(3, 13, 'Onix'),
		(3, 14, 'Prisma'),
		(3, 15, 'S10'),
		(3, 16, 'Sonic'),
		(3, 17, 'Spin'),
		(3, 18, 'Tracker'),
		(3, 19, 'Vectra'),
		(3, 20, 'Zafira'),
	/*	(4, 1, 'B2500'),
		(4, 2, 'C200'),
		(5, 1, 'Sprinter'),
		(6, 1, 'L200'),
		(7, 1, 'Frontier'),
		(7, 2, 'March'),
		(7, 3, 'Murano'),
		(7, 4, 'Note'),
		(7, 5, 'NP300'),
		(7, 6, 'Sentra'),
		(7, 7, 'Tiida'),
		(7, 8, 'Versa'),
		(7, 9, 'X-Terra'),
		(7, 10, 'X-Trail'),
		(8, 1 ,'2008'),
		(8, 2, '206'),
		(8, 3, '207'),
		(8, 4, '208'),
		(8, 5, '3008'),
		(8, 6, '307'),
		(8, 7, '308'),
		(8, 8, '408'),
		(8, 9, '508'),
		(9, 1, 'Caravan'),
		(9, 2, 'Compass'),
		(9, 3, 'Gran Cherokee'),
		(9, 4, 'Grand Cherokee Overland'),
		(9, 5, 'Journey'),
		(9, 6, 'Limited'),
		(9, 7, 'Ram'),
		(9, 8, 'Renegade'),
		(10, 1, 'Berlingo'),
		(10, 2, 'C3'),
		(10, 3, 'C3 Aircross'),
		(10, 4, 'C3 Picasso'),
		(10, 5, 'C4'),
		(10, 6, 'DS3'),
		(10, 7, 'S4'),
		(10, 8, 'Xara Picasso'),
		(11, 1, 'Idea'),
		(11, 2, 'Toro'),
		(11, 3, 'Punto'),
		(11, 4, 'Ducato'),
		(11, 5, 'Fiorino'),
		(11, 6, 'Palio'),
		(11, 7, 'Grand Siena'),
		(11, 8, 'Strada'),
	*/	(12, 1, 'Fiesta'),
		(12, 2, 'Focus'),
		(12, 3, 'Ecosport'),
		(12, 4, 'Ka'),
		(12, 5, 'Ranger'),
		(12, 6, 'Mondeo'),
		(12, 7, 'Transit')
go

insert into versiones(id_version, descripcion)
values (1, 'Attractive 1.4'),
	   (2, 'Adventure 1.6'),
	   (3, 'Freedom 4x2 MT'),
	   (4, 'Freedom 4WD MT'),
	   (5, 'Volcano 4WD AT'),
	   (6, 'Essence 1.6'),
	   (7, 'Blackmotion 1.6'),
	   (8, 'Furgón corto 2.3 Techo Normal'),
	   (9, 'Furgón corto 2.3 Techo Normal'),
	   (10, 'Furgón medio 2.3 Techo Normal'),
	   (11, 'Combinato 2.3'),
	   (12, 'Furgon Maxicargo 2.3 Techo Elevado'),
	   (13, '1.4'),
	   (14, 'Adventure 1.6 Cabina Extendida'),
	   (15, 'Trekking 1.3 Multijet Cabina Doble'),
	   (16, 'Working 1.4 Cabina Simple'),
	   (17, 'Working 1.4 Cabina Doble')
go

insert into modelos_versiones (id_marca, id_modelo, id_version)
values(1, 1, 1), -- = Audi
	  (1, 2, 1), -- Verificar versiones (puse todo 1).
	  (1, 3, 1),
	  (1, 4, 1),
	  (3, 1, 1), -- = Chevrolet
	  (3, 5, 1),
	  (3, 10, 1),
	  (3, 20, 1),
	  (12, 1, 1),
	  (12, 2, 1),
	  (12, 5, 1),
	  (12, 7, 1)
	  /*(11, 1, 1), -- 11=Fiat
	  (11, 1, 2),
	  (11, 2, 3),
	  (11, 2, 4),
	  (11, 2, 5),
	  (11, 3, 1),
	  (11, 3, 6),
	  (11, 3, 7),
	  (11, 4, 8),
	  (11, 4, 9),
	  (11, 4, 10),
	  (11, 4, 11),
	  (11, 4, 12),
	  (11, 5, 13),
	  (11, 6, 1),
	  (11, 6, 6),
	  (11, 7, 1),
	  (11, 7, 6)*/
go

insert into colores(id_color, nom_color)
values(1, 'NEGRO'),
	  (2, 'BLANCO'),
	  (3, 'ROJO'),
	  (4, 'AZUL'),
	  (5, 'GRIS PLATA'),
	  (6, 'VERDE'),
	  (7, 'GRIS ACERO'),
	  (8, 'GRIS PETROLEO'),
	  (9, 'AMARILLO')
go

insert into tipos_vehiculos(id_tipo_vehiculo, nombre_tipo_vehiculo)
values(1, 'PARTICULAR'),
	  (2, 'UTILITARIO'),
	  (3, 'COMERCIAL'),
	  (4, 'TRANSPORTE DE PASAJEROS'),
	  (5, 'TRANSPORTE ESCOLAR'),
	  (6, 'CAMION')
go

insert into sucursales(id_sucursal, cod_provincia, id_localidad, nom_sucursal)
values (1, 'CB', 1, 'Sucursal Rio IV'),
	   (2, 'CB', 2, 'Centro'),
	   (3, 'CB', 5, 'Oncativo'),
	   (4, 'CB', 4, 'Jesus Maria')
go

insert into clientes(dni_cliente, apellido_nombre, edad, domicilio, email, cod_provincia, id_localidad, telefono)
values(24444444, 'Maria Gonzales', 37, 'Sabattini 780', 'testing1@gmail.com', 'CB', 2, '351-4444444'),
	  (24560856, 'Juan Perez', 36, 'Av. Siempre Viva 123', 'testing2@gmail.com', 'CB', 2, '351-7777777'),
	  (26666666, 'Marcos Juarez', 35, 'Belgrano 450', 'testing3@gmail.com', 'CB', 2, '351-6666666'),
	  (28888888, 'Pablo Alcaraz', 33, 'Potel 6883', 'testing4@gmail.com', 'CB', 2, '3518888888'),
	  (29067894, 'Éric Vargas Duran', 32, 'Dir testing5', 'testing5@gmail.com', 'CB', 2, '3511111111'),
	  (24229583, 'Manuela Carrasco Molina', 37, 'Dir testing6', 'testing6@gmail.com', 'CB', 2, '3764222222'),
	  (37563768, 'Nombre Testing', 24, 'Dir testing7', 'testing7@gmail.com', 'CB', 2, '35434521066'),
	  (31076213, 'Guillem Medina', 30, 'Dir testing8', 'testing8@gmail.com', 'CB', 2, '38254869522'),
	  (30012228, 'Luna Cabrera Vega', 31, 'Dir testing9', 'testing9@gmail.com', 'CB', 2, '1154876234'),
	  (33967932, 'Paola Font Santana', 28, 'Dir testing10', 'testing10@gmail.com', 'CB', 2, '1183547742'),
	  (27777777, 'Pedro Ramirez', 35, 'Rivadavia 59', 'testing11@gmail.com', 'CB', 2, '3515777777'),
	  (21111111, 'Tamara Garzon', 40, 'Rondeau 399', 'testing12@gmail.com', 'CB', 2, '3511111111')
go

insert into vehiculos (nro_chasis, id_marca, id_modelo, id_version, id_color, id_tipo_vehiculo, precio, año_fabricacion, id_sucursal, nro_patente)
values(1234, 1, 1, 1, 1, 1, 200.000, 2017, 1, NULL),
	  (1235, 1, 1, 1, 2, 1, 200.000, 2017, 1, NULL),
	  (1236, 1, 1, 1, 3, 1, 200.000, 2017, 1, NULL)
go

insert into planes (id_plan, nom_plan, descripcion, cant_cuotas, entrega_pactada, financiacion, dueño_plan)
values(303455, 'Plan Ahorro', 'Plan Ahorro', 36, '5ta cuota', '36cuotas s/interes', 'CON'), 
	  (303456, 'Plan Nacional Chevrolet','Plan Nacional Chevrolet', 60, '5ta cuota', '84 cuotas 0% interes', 'GOB'),
	  (303457, 'Plan 100% financiado', 'Plan 100% financiado', 80, '10ma cuota','84 cuotas 0% interes', 'GOB'),
	  (303458, 'Plan 70/30 cuota reducida', 'Plan 70/30 cuota reducida', 90, '3ra cuota', '84 cuotas 0% interes', 'GOB')
go

insert into adquiridos(id_plan, dni_cliente, cancelado, ganador_sorteo, fecha_sorteado, fecha_entrega, nro_chasis, sucursal_suscripcion, fecha_compra_plan)
values(303456, 24444444, 'N', 'N', null, null, null, 1, '02-05-2015')
go

insert into adquiridos(id_plan, dni_cliente, cancelado, ganador_sorteo, fecha_sorteado, fecha_entrega, nro_chasis, sucursal_suscripcion)
values(303457, 24560856, 'N', 'N', null, null, null, 1),
	  (303458, 26666666, 'N', 'N', null, null, null, 1),
	  (303455, 28888888, 'N', 'N', null, null, null, 1),
	  (303456, 29067894, 'N', 'N', null, null, null, 1),
	  (303457, 24229583, 'N', 'N', null, null, null, 1),
	  (303457, 37563768, 'N', 'N', null, null, null, 1),
	  (303458, 31076213, 'N', 'N', null, null, null, 1),
	  (303456, 30012228, 'N', 'N', null, null, null, 1),
	  (303458, 33967932, 'N', 'N', null, null, null, 1),
	  (303457, 27777777, 'N', 'N', null, null, null, 1),
	  (303455, 21111111, 'N', 'N', null, null, null, 1)
go

insert into cuotas(id_cuota, dni_cliente, id_plan, importe, fecha_vencimiento, pagó)
values(110, 24444444, 303456, 5000.00, '02-06-2015', 'S'),
	  (111, 24444444, 303456, 5000.00, '02-07-2015', 'S'),
	  (112, 24444444, 303456, 5000.00, '02-08-2015', 'S'),
	  (113, 24444444, 303456, 5000.00, '02-09-2015', 'S'),
	  (114, 24444444, 303456, 5000.00, '02-10-2015', 'S'),
	  (115, 24444444, 303456, 5000.00, '02-11-2015', 'S'),
	  (116, 24444444, 303456, 5000.00, '02-12-2015', 'S'),
	  (117, 24444444, 303456, 5000.00, '02-01-2016', 'S'),
	  (118, 24444444, 303456, 5000.00, '02-02-2016', 'S'),
	  (119, 24444444, 303456, 5000.00, '02-03-2016', 'S'),
	  (120, 24444444, 303456, 5000.00, '02-04-2016', 'S'),
	  (121, 24444444, 303456, 5000.00, '02-05-2016', 'S'),
	  (122, 24444444, 303456, 5000.00, '02-06-2016', 'S'),
	  (123, 24444444, 303456, 5000.00, '02-07-2016', 'S'),
	  (124, 24444444, 303456, 5000.00, '02-08-2016', 'S'),
	  (125, 24444444, 303456, 5000.00, '02-09-2016', 'S'),
	  (126, 24444444, 303456, 5000.00, '02-10-2016', 'S'),
	  (127, 24444444, 303456, 5000.00, '02-11-2016', 'S'),
	  (128, 24444444, 303456, 5000.00, '02-12-2016', 'S'),
	  (129, 24444444, 303456, 5000.00, '02-01-2017', 'S'),
	  (130, 24444444, 303456, 5000.00, '02-02-2017', 'S'),
	  (131, 24444444, 303456, 5000.00, '02-03-2017', 'S'),
	  (132, 24444444, 303456, 5000.00, '02-04-2017', 'S'),
	  (133, 24444444, 303456, 5000.00, '02-05-2017', 'S'),
	  (134, 24444444, 303456, 5000.00, '02-06-2017', 'N'),
	  (135, 24444444, 303456, 5000.00, '02-07-2017', 'N'),
	  (136, 24444444, 303456, 5000.00, '02-08-2017', 'N'),
	  (137, 24444444, 303456, 5000.00, '02-09-2017', 'N'),
	  (138, 24444444, 303456, 5000.00, '02-10-2017', 'N'),
	  (139, 24444444, 303456, 5000.00, '02-11-2017', 'N'),
	  (140, 24444444, 303456, 5000.00, '02-12-2017', 'N'),
	  (141, 24444444, 303456, 5000.00, '02-01-2018', 'N'),
	  (142, 24444444, 303456, 5000.00, '02-02-2018', 'N'),
	  (143, 24444444, 303456, 5000.00, '02-03-2018', 'N'),
	  (144, 24444444, 303456, 5000.00, '02-04-2018', 'N'),
	  (145, 24444444, 303456, 5000.00, '02-05-2018', 'N'),
	  (146, 24444444, 303456, 5000.00, '02-06-2018', 'N'),
	  (147, 24444444, 303456, 5000.00, '02-07-2018', 'N'),
	  (148, 24444444, 303456, 5000.00, '02-08-2018', 'N'),
	  (149, 24444444, 303456, 5000.00, '02-09-2018', 'N'),
	  (150, 24444444, 303456, 5000.00, '02-10-2018', 'N'),
	  (151, 24444444, 303456, 5000.00, '07-11-2018', 'N'),
	  (152, 24444444, 303456, 5000.00, '08-12-2018', 'N'),
	  (153, 24444444, 303456, 5000.00, '10-01-2019', 'N'),
	  (154, 24444444, 303456, 5000.00, '12-02-2019', 'N'),
	  (155, 24444444, 303456, 5000.00, '08-03-2019', 'N'),
	  (157, 24444444, 303456, 5000.00, '11-04-2019', 'N'),
	  (158, 24444444, 303456, 5000.00, '08-05-2019', 'N'),
	  (159, 24444444, 303456, 5000.00, '01-06-2019', 'N'),
	  (160, 24444444, 303456, 5000.00, '02-07-2019', 'N'),
	  (156, 24444444, 303456, 5000.00, '10-08-2019', 'N')
go

insert into cuotas(id_cuota, dni_cliente, id_plan, importe, fecha_vencimiento, pagó)
values(110, 24560856, 303457, 8000.000, '02-01-2018', 'N'),
	  (111, 24560856, 303457, 8000.000, '02-02-2018', 'N'),
	  (112, 24560856, 303457, 8000.000, '02-03-2018', 'N'),
	  (113, 24560856, 303457, 8000.000, '02-04-2018', 'N'),
	  (114, 24560856, 303457, 8000.000, '02-05-2018', 'N'),
	  (115, 24560856, 303457, 8000.000, '02-06-2018', 'N'),
	  (116, 24560856, 303457, 8000.000, '02-07-2018', 'N'),
	  (117, 24560856, 303457, 8000.000, '02-08-2018', 'N'),
	  (118, 24560856, 303457, 8000.000, '02-09-2018', 'N'),
	  (119, 24560856, 303457, 8000.000, '02-10-2018', 'N'),
	  (120, 24560856, 303457, 8000.000, '02-11-2018', 'N'),
	  (121, 24560856, 303457, 8000.000, '02-02-2018', 'N'),
	  (122, 24560856, 303457, 8000.000, '02-03-2018', 'N'),
	  (123, 24560856, 303457, 8000.000, '02-04-2018', 'N'),
	  (124, 24560856, 303457, 8000.000, '02-05-2018', 'N'),
	  (125, 24560856, 303457, 8000.000, '02-06-2018', 'N'),
	  (126, 24560856, 303457, 8000.000, '02-07-2018', 'N'),
	  (127, 24560856, 303457, 8000.000, '02-08-2018', 'N'),
	  (128, 24560856, 303457, 8000.000, '02-09-2018', 'N'),
	  (129, 24560856, 303457, 8000.000, '02-10-2018', 'N'),
	  (130, 24560856, 303457, 8000.000, '02-01-2018', 'N'),
	  (131, 24560856, 303457, 8000.000, '02-02-2018', 'N'),
	  (132, 24560856, 303457, 8000.000, '02-03-2018', 'N'),
	  (133, 24560856, 303457, 8000.000, '02-04-2018', 'N'),
	  (134, 24560856, 303457, 8000.000, '02-05-2018', 'N'),
	  (135, 24560856, 303457, 8000.000, '02-06-2018', 'N'),
	  (136, 24560856, 303457, 8000.000, '02-07-2018', 'N'),
	  (137, 24560856, 303457, 8000.000, '02-08-2018', 'N'),
	  (138, 24560856, 303457, 8000.000, '02-09-2018', 'N'),
	  (139, 24560856, 303457, 8000.000, '02-10-2018', 'N'),
	  (140, 24560856, 303457, 8000.000, '02-01-2018', 'N'),
	  (141, 24560856, 303457, 8000.000, '02-02-2018', 'N'),
	  (142, 24560856, 303457, 8000.000, '02-03-2018', 'N'),
	  (143, 24560856, 303457, 8000.000, '02-04-2018', 'N'),
	  (144, 24560856, 303457, 8000.000, '02-05-2018', 'N'),
	  (145, 24560856, 303457, 8000.000, '02-06-2018', 'N'),
	  (146, 24560856, 303457, 8000.000, '02-07-2018', 'N'),
	  (147, 24560856, 303457, 8000.000, '02-08-2018', 'N'),
	  (148, 24560856, 303457, 8000.000, '02-09-2018', 'N'),
	  (149, 24560856, 303457, 8000.000, '02-10-2018', 'N'),
	  (11, 24560856, 303457, 78.97, '03-03-18','N'),
	  (12, 24560856, 303457, 390.40, '08-29-18','N'),
	  (13, 24560856, 303457, 416.95, '08-01-19','N'),
	  (14, 24560856, 303457, 159.10, '03-03-18','N'),
	  (15, 24560856, 303457, 392.47, '12-28-17','N'),
	  (16, 24560856, 303457, 284.77, '08-25-19','N'),
	  (17, 24560856, 303457, 179.12, '11-20-18','N'),
	  (18, 24560856, 303457, 66.97, '07-24-19','N'),
	  (19, 24560856, 303457, 109.38, '10-06-18','N'),
	  (20, 24560856, 303457, 26.17, '05-22-18','N'),
	  (150, 24560856, 303457, 8000.000, '02-11-2018', 'N')
go

insert into cuotas(id_cuota, dni_cliente, id_plan, importe, fecha_vencimiento, pagó)
values(110, 26666666, 303458, 7000.000, '02-06-2018', 'N'),
	  (111, 26666666, 303458, 7000.000, '02-02-2018', 'N'),
	  (112, 26666666, 303458, 7000.000, '02-03-2018', 'N'),
	  (113, 26666666, 303458, 7000.000, '02-04-2018', 'N'),
	  (114, 26666666, 303458, 7000.000, '02-05-2018', 'N'),
	  (115, 26666666, 303458, 7000.000, '02-06-2018', 'N'),
	  (116, 26666666, 303458, 7000.000, '02-06-2018', 'N'),
	  (117, 26666666, 303458, 7000.000, '02-06-2018', 'N'),
	  (118, 26666666, 303458, 7000.000, '02-06-2018', 'N'),
	  (119, 26666666, 303458, 7000.000, '02-06-2018', 'N'),
	  (21, 26666666, 303458, 315.27, '10-15-18','S'),
	  (22, 26666666, 303458, 31.04,'06-14-19','S'),
	  (23, 26666666, 303458, 345.09,'01-01-18','S'),
	  (24, 26666666, 303458, 431.20,'01-21-19','S'),
	  (25, 26666666, 303458, 314.45,'08-27-18','S'),
	  (26, 26666666, 303458, 171.60,'05-14-19','S'),
	  (27, 26666666, 303458, 347.19,'02-09-18','S'),
	  (28, 26666666, 303458, 67.09,'08-19-18','S'),
	  (29, 26666666, 303458, 341.15,'09-26-19','S'),
	  (30, 26666666, 303458, 422.66,'02-01-18','S'),
	  (120, 26666666, 303458, 7000.000, '02-06-2018', 'N')
go

insert into cuotas(id_cuota, dni_cliente, id_plan, importe, fecha_vencimiento, pagó)
values(110, 28888888, 303455, 5000.00, '02-06-2018', 'N'),
	  (111, 28888888, 303455, 5000.00, '02-02-2018', 'N'),
	  (112, 28888888, 303455, 5000.00, '02-03-2018', 'N'),
	  (113, 28888888, 303455, 5000.00, '02-04-2018', 'N'),
	  (114, 28888888, 303455, 5000.00, '02-05-2018', 'N'),
	  (115, 28888888, 303455, 5000.00, '02-06-2018', 'N'),
	  (116, 28888888, 303455, 5000.00, '02-06-2018', 'N'),
	  (117, 28888888, 303455, 5000.00, '02-06-2018', 'N'),
	  (118, 28888888, 303455, 5000.00, '02-06-2018', 'N'),
	  (119, 28888888, 303455, 5000.00, '02-06-2018', 'N'),
	  (120, 28888888, 303455, 5000.00, '02-06-2018', 'N'),
	  (121, 28888888, 303455, 5000.00, '02-02-2018', 'N'),
	  (122, 28888888, 303455, 5000.00, '02-03-2018', 'N'),
	  (123, 28888888, 303455, 5000.00, '02-04-2018', 'N'),
	  (124, 28888888, 303455, 5000.00, '02-05-2018', 'N'),
	  (125, 28888888, 303455, 5000.00, '02-06-2018', 'N'),
	  (126, 28888888, 303455, 5000.00, '02-06-2018', 'N'),
	  (127, 28888888, 303455, 5000.00, '02-06-2018', 'N'),
	  (128, 28888888, 303455, 5000.00, '02-06-2018', 'N'),
	  (129, 28888888, 303455, 5000.00, '02-06-2018', 'N'),
	  (31, 28888888, 303455,169.62,'09-09-18','N'),
	  (32, 28888888, 303455,343.38,'11-13-19','N'),
	  (33, 28888888, 303455,281.20,'06-01-18','N'),
	  (34, 28888888, 303455,135.15,'11-19-18','N'),
	  (35, 28888888, 303455,49.30,'03-12-18','N'),
	  (36, 28888888, 303455,300.73,'12-16-17','N'),
	  (37, 28888888, 303455,478.01,'07-15-19','N'),
	  (38, 28888888, 303455,436.17,'06-11-18','N'),
	  (39, 28888888, 303455,378.69,'12-21-17','N'),
	  (40, 28888888, 303455,125.13,'11-30-17','N'),
	  (130, 28888888, 303455, 5000.000, '02-06-2018', 'N')
go

insert into cuotas(id_cuota, dni_cliente, id_plan, importe, fecha_vencimiento, pagó)
values(110, 29067894, 303456, 5000.000, '02-06-2018', 'N'),
	  (111, 29067894, 303456, 5000.000, '02-02-2018', 'N'),
	  (112, 29067894, 303456, 5000.000, '02-03-2018', 'N'),
	  (113, 29067894, 303456, 5000.000, '02-04-2018', 'N'),
	  (114, 29067894, 303456, 5000.000, '02-05-2018', 'N'),
	  (115, 29067894, 303456, 5000.000, '02-06-2018', 'N'),
	  (116, 29067894, 303456, 5000.000, '02-06-2018', 'N'),
	  (117, 29067894, 303456, 5000.000, '02-06-2018', 'N'),
	  (118, 29067894, 303456, 5000.000, '02-06-2018', 'N'),
	  (119, 29067894, 303456, 5000.000, '02-06-2018', 'N'),
	  (120, 29067894, 303456, 5000.000, '02-06-2018', 'N'),
	  (121, 29067894, 303456, 5000.000, '02-02-2018', 'N'),
	  (122, 29067894, 303456, 5000.000, '02-03-2018', 'N'),
	  (123, 29067894, 303456, 5000.000, '02-04-2018', 'N'),
	  (124, 29067894, 303456, 5000.000, '02-05-2018', 'N'),
	  (125, 29067894, 303456, 5000.000, '02-06-2018', 'N'),
	  (126, 29067894, 303456, 5000.000, '02-06-2018', 'N'),
	  (127, 29067894, 303456, 5000.000, '02-06-2018', 'N'),
	  (128, 29067894, 303456, 5000.000, '02-06-2018', 'N'),
	  (129, 29067894, 303456, 5000.000, '02-06-2018', 'N'),
	  (130, 29067894, 303456, 5000.000, '02-06-2018', 'N'),
	  (131, 29067894, 303456, 5000.000, '02-02-2018', 'N'),
	  (132, 29067894, 303456, 5000.000, '02-03-2018', 'N'),
	  (133, 29067894, 303456, 5000.000, '02-04-2018', 'N'),
	  (134, 29067894, 303456, 5000.000, '02-05-2018', 'N'),
	  (135, 29067894, 303456, 5000.000, '02-06-2018', 'N'),
	  (136, 29067894, 303456, 5000.000, '02-06-2018', 'N'),
	  (137, 29067894, 303456, 5000.000, '02-06-2018', 'N'),
	  (138, 29067894, 303456, 5000.000, '02-06-2018', 'N'),
	  (139, 29067894, 303456, 5000.000, '02-06-2018', 'N'),
	  (140, 29067894, 303456, 5000.000, '02-06-2018', 'N'),
	  (141, 29067894, 303456, 5000.000, '02-02-2018', 'N'),
	  (142, 29067894, 303456, 5000.000, '02-03-2018', 'N'),
	  (143, 29067894, 303456, 5000.000, '02-04-2018', 'N'),
	  (144, 29067894, 303456, 5000.000, '02-05-2018', 'N'),
	  (145, 29067894, 303456, 5000.000, '02-06-2018', 'N'),
	  (146, 29067894, 303456, 5000.000, '02-06-2018', 'N'),
	  (147, 29067894, 303456, 5000.000, '02-06-2018', 'N'),
	  (148, 29067894, 303456, 5000.000, '02-06-2018', 'N'),
	  (149, 29067894, 303456, 5000.000, '02-06-2018', 'N'),
	  (150, 29067894, 303456, 5000.000, '02-06-2018', 'N')
go

insert into cuotas(id_cuota, dni_cliente, id_plan, importe, fecha_vencimiento, pagó)
values(110, 24229583, 303457, 5000.000, '02-06-2018', 'N'),
	  (111, 24229583, 303457, 5000.000, '02-02-2018', 'N'),
	  (112, 24229583, 303457, 5000.000, '02-03-2018', 'N'),
	  (113, 24229583, 303457, 5000.000, '02-04-2018', 'N'),
	  (114, 24229583, 303457, 5000.000, '02-05-2018', 'N'),
	  (115, 24229583, 303457, 5000.000, '02-06-2018', 'N'),
	  (116, 24229583, 303457, 5000.000, '02-06-2018', 'N'),
	  (117, 24229583, 303457, 5000.000, '02-06-2018', 'N'),
	  (118, 24229583, 303457, 5000.000, '02-06-2018', 'N'),
	  (119, 24229583, 303457, 5000.000, '02-06-2018', 'N'),
	  (120, 24229583, 303457, 5000.000, '02-06-2018', 'N')
go

insert into cuotas(id_cuota, dni_cliente, id_plan, importe, fecha_vencimiento, pagó)
values(110, 37563768, 303457, 8000.000, '02-06-2018', 'N'),
	  (111, 37563768, 303457, 8000.000, '02-02-2018', 'N'),
	  (112, 37563768, 303457, 8000.000, '02-03-2018', 'N'),
	  (113, 37563768, 303457, 8000.000, '02-04-2018', 'N'),
	  (114, 37563768, 303457, 8000.000, '02-05-2018', 'N'),
	  (115, 37563768, 303457, 8000.000, '02-06-2018', 'N'),
	  (116, 37563768, 303457, 8000.000, '02-06-2018', 'N'),
	  (117, 37563768, 303457, 8000.000, '02-06-2018', 'N'),
	  (118, 37563768, 303457, 8000.000, '02-06-2018', 'N'),
	  (119, 37563768, 303457, 8000.000, '02-06-2018', 'N'),
	  (120, 37563768, 303457, 8000.000, '02-06-2018', 'N')
go

insert into cuotas(id_cuota, dni_cliente, id_plan, importe, fecha_vencimiento, pagó)
values(110, 31076213, 303458, 5000.000, '02-06-2018', 'N'),
	  (111, 31076213, 303458, 5000.000, '02-02-2018', 'N'),
	  (112, 31076213, 303458, 5000.000, '02-03-2018', 'N'),
	  (113, 31076213, 303458, 5000.000, '02-04-2018', 'N'),
	  (114, 31076213, 303458, 5000.000, '02-05-2018', 'N'),
	  (115, 31076213, 303458, 5000.000, '02-06-2018', 'N'),
	  (116, 31076213, 303458, 5000.000, '02-06-2018', 'N'),
	  (117, 31076213, 303458, 5000.000, '02-06-2018', 'N'),
	  (118, 31076213, 303458, 5000.000, '02-06-2018', 'N'),
	  (119, 31076213, 303458, 5000.000, '02-06-2018', 'N'),
	  (120, 31076213, 303458, 5000.000, '02-06-2018', 'N')
go

insert into cuotas(id_cuota, dni_cliente, id_plan, importe, fecha_vencimiento, pagó)
values(110, 30012228, 303456, 5000.000, '02-06-2018', 'N'),
	  (111, 30012228, 303456, 5000.000, '02-02-2018', 'N'),
	  (112, 30012228, 303456, 5000.000, '02-03-2018', 'N'),
	  (113, 30012228, 303456, 5000.000, '02-04-2018', 'N'),
	  (114, 30012228, 303456, 5000.000, '02-05-2018', 'N'),
	  (115, 30012228, 303456, 5000.000, '02-06-2018', 'N'),
	  (116, 30012228, 303456, 5000.000, '02-06-2018', 'N'),
	  (117, 30012228, 303456, 5000.000, '02-06-2018', 'N'),
	  (118, 30012228, 303456, 5000.000, '02-06-2018', 'N'),
	  (119, 30012228, 303456, 5000.000, '02-06-2018', 'N'),
	  (120, 30012228, 303456, 5000.000, '02-06-2018', 'N')
go

insert into cuotas(id_cuota, dni_cliente, id_plan, importe, fecha_vencimiento, pagó)
values(110, 33967932, 303458, 5000.000, '02-06-2018', 'N'),
	  (111, 33967932, 303458, 5000.000, '02-02-2018', 'N'),
	  (112, 33967932, 303458, 5000.000, '02-03-2018', 'N'),
	  (113, 33967932, 303458, 5000.000, '02-04-2018', 'N'),
	  (114, 33967932, 303458, 5000.000, '02-05-2018', 'N'),
	  (115, 33967932, 303458, 5000.000, '02-06-2018', 'N'),
	  (116, 33967932, 303458, 5000.000, '02-06-2018', 'N'),
	  (117, 33967932, 303458, 5000.000, '02-06-2018', 'N'),
	  (118, 33967932, 303458, 5000.000, '02-06-2018', 'N'),
	  (119, 33967932, 303458, 5000.000, '02-06-2018', 'N'),
	  (120, 33967932, 303458, 5000.000, '02-06-2018', 'N')
go

insert into cuotas(id_cuota, dni_cliente, id_plan, importe, fecha_vencimiento, pagó)
values(110, 27777777, 303457, 7000.000, '02-06-2018', 'N'),
	  (111, 27777777, 303457, 7000.000, '02-02-2018', 'N'),
	  (112, 27777777, 303457, 7000.000, '02-03-2018', 'N'),
	  (113, 27777777, 303457, 7000.000, '02-04-2018', 'N'),
	  (114, 27777777, 303457, 7000.000, '02-05-2018', 'N'),
	  (115, 27777777, 303457, 7000.000, '02-06-2018', 'N'),
	  (116, 27777777, 303457, 7000.000, '02-06-2018', 'N'),
	  (117, 27777777, 303457, 7000.000, '02-06-2018', 'N'),
	  (118, 27777777, 303457, 7000.000, '02-06-2018', 'N'),
	  (119, 27777777, 303457, 7000.000, '02-06-2018', 'N'),
	  (120, 27777777, 303457, 7000.000, '02-06-2018', 'N')
go

insert into cuotas(id_cuota, dni_cliente, id_plan, importe, fecha_vencimiento, pagó)
values(110, 21111111, 303455, 5000.000, '02-06-2018', 'N'),
	  (111, 21111111, 303455, 5000.000, '02-02-2018', 'N'),
	  (112, 21111111, 303455, 5000.000, '02-03-2018', 'N'),
	  (113, 21111111, 303455, 5000.000, '02-04-2018', 'N'),
	  (114, 21111111, 303455, 5000.000, '02-05-2018', 'N'),
	  (115, 21111111, 303455, 5000.000, '02-06-2018', 'N'),
	  (116, 21111111, 303455, 5000.000, '02-06-2018', 'N'),
	  (117, 21111111, 303455, 5000.000, '02-06-2018', 'N'),
	  (118, 21111111, 303455, 5000.000, '02-06-2018', 'N'),
	  (119, 21111111, 303455, 5000.000, '02-06-2018', 'N'),
	  (120, 21111111, 303455, 5000.000, '02-06-2018', 'N'),
	  (121, 21111111, 303455, 5000.000, '02-02-2018', 'N'),
	  (122, 21111111, 303455, 5000.000, '02-03-2018', 'N'),
	  (123, 21111111, 303455, 5000.000, '02-04-2018', 'N'),
	  (124, 21111111, 303455, 5000.000, '02-05-2018', 'N'),
	  (125, 21111111, 303455, 5000.000, '02-06-2018', 'N'),
	  (126, 21111111, 303455, 5000.000, '02-06-2018', 'N'),
	  (127, 21111111, 303455, 5000.000, '02-06-2018', 'N'),
	  (128, 21111111, 303455, 5000.000, '02-06-2018', 'N'),
	  (129, 21111111, 303455, 5000.000, '02-06-2018', 'N'),
	  (130, 21111111, 303455, 5000.000, '02-06-2018', 'N'),
	  (131, 21111111, 303455, 5000.000, '02-02-2018', 'N'),
	  (132, 21111111, 303455, 5000.000, '02-03-2018', 'N'),
	  (133, 21111111, 303455, 5000.000, '02-04-2018', 'N'),
	  (134, 21111111, 303455, 5000.000, '02-05-2018', 'N'),
	  (135, 21111111, 303455, 5000.000, '02-06-2018', 'N'),
	  (136, 21111111, 303455, 5000.000, '02-06-2018', 'N'),
	  (137, 21111111, 303455, 5000.000, '02-06-2018', 'N'),
	  (138, 21111111, 303455, 5000.000, '02-06-2018', 'N'),
	  (139, 21111111, 303455, 5000.000, '02-06-2018', 'N'),
	  (140, 21111111, 303455, 5000.000, '02-06-2018', 'N'),
	  (141, 21111111, 303455, 5000.000, '02-02-2018', 'N'),
	  (142, 21111111, 303455, 5000.000, '02-03-2018', 'N'),
	  (143, 21111111, 303455, 5000.000, '02-04-2018', 'N'),
	  (144, 21111111, 303455, 5000.000, '02-05-2018', 'N'),
	  (145, 21111111, 303455, 5000.000, '02-06-2018', 'N'),
	  (146, 21111111, 303455, 5000.000, '02-06-2018', 'N'),
	  (147, 21111111, 303455, 5000.000, '02-06-2018', 'N'),
	  (148, 21111111, 303455, 5000.000, '02-06-2018', 'N'),
	  (149, 21111111, 303455, 5000.000, '02-06-2018', 'N'),
	  (150, 21111111, 303455, 5000.000, '02-06-2018', 'N')
go

;
go

USE MONTIRONI

insert into nacionalidades(cod_nacionalidad, nom_nacionalidad)
values  ('GER', 'Alemana'),
		('ITA', 'Italiana'),
		('FRA', 'Francesa'),
		('USA', 'Americana'),
		('JAP', 'Japonesa')
go

insert into provincias(cod_provincia, nombre_provincia)
values('BA', 'Buenos Aires'),
	  ('CA', 'Catamarca'),
	  ('CH', 'Chaco'),
	  ('CT', 'Chubut'),
	  ('CB', 'Cordoba'),
	  ('CR', 'Corrientes'),
	  ('ER', 'Entre Rios'),
	  ('FO', 'Formosa'),
	  ('JY', 'Jujuy'),
	  ('LP', 'La Pampa'),
	  ('LR', 'La Rioja'),
	  ('MZ', 'Mendoza'),
	  ('MI', 'Misiones'),
	  ('NQ', 'Neuquen'),
	  ('RN', 'Rio Negro'),
	  ('SA', 'Salta '),
	  ('SJ', 'San Juan'),
	  ('SL', 'San Luis'),
	  ('SC', 'Santa Cruz'),
	  ('SF', 'Santa Fe'),
	  ('SE', 'Santiago del Estero'),
	  ('TF', 'Tierra del Fuego'),
	  ('TU', 'Tucuman')
go

insert into localidades(id_localidad, nombre_localidad, cod_provincia)
values(1, 'Rio Cuarto', 'CB'),
	  (2, 'Cordoba Capital', 'CB'),
	  (3, 'San Miguel', 'TU'),
	  (4, 'Jesus Maria', 'CB'),
	  (5, 'Oncativo', 'CB')
go

insert into marcas (id_marca, nombre_marca, cod_nacionalidad)
values  (1, 'Audi', 'GER'),
	--	(2, 'BMW', 'GER'),
		(3, 'Chevrolet', 'USA'),
	--	(4, 'Mazda', 'JAP'),
	--	(5, 'Mercedes Benz', 'GER' ),
	--	(6, 'Mitsubishi', 'JAP'),
	--	(7, 'Nissan', 'JAP'),
	--	(8, 'Peugeot', 'FRA'),
	--	(9, 'Chrysler/Jeep/Dodge', 'USA'),
	--	(10, 'Citroen', 'FRA'),
	--	(11, 'Fiat', 'ITA'),
		(12, 'Ford', 'USA'),
		(13, 'Volkswagen', 'GER')
go

insert into modelos (id_marca, id_modelo, nombre_modelo)
values  (1, 1, 'A1'),
		(1, 2, 'A3'),
		(1, 3, 'A4'),
		(1, 4, 'Q5'),
	/*	(2, 1, '118i'),
		(2, 2, '320D'),
		(2, 3, '325i'),
		(2, 4, '335i'),
		(2, 5, 'X1D'),
	*/	(3, 1, 'Agile'),
		(3, 2, 'Astra'),
		(3, 3, 'Aveo'),
		(3, 4, 'Captiva'),
		(3, 5, 'Celta'),
		(3, 6, 'Cobalt'),
		(3, 7, 'Corsa'),
		(3 ,8, 'Corsa II'),
		(3, 9, 'Corsa Wagon'),
		(3, 10, 'Cruze'),
		(3, 11, 'Meriva'),
		(3, 12, 'Montana'),
		(3, 13, 'Onix'),
		(3, 14, 'Prisma'),
		(3, 15, 'S10'),
		(3, 16, 'Sonic'),
		(3, 17, 'Spin'),
		(3, 18, 'Tracker'),
		(3, 19, 'Vectra'),
		(3, 20, 'Zafira'),
	/*	(4, 1, 'B2500'),
		(4, 2, 'C200'),
		(5, 1, 'Sprinter'),
		(6, 1, 'L200'),
		(7, 1, 'Frontier'),
		(7, 2, 'March'),
		(7, 3, 'Murano'),
		(7, 4, 'Note'),
		(7, 5, 'NP300'),
		(7, 6, 'Sentra'),
		(7, 7, 'Tiida'),
		(7, 8, 'Versa'),
		(7, 9, 'X-Terra'),
		(7, 10, 'X-Trail'),
		(8, 1 ,'2008'),
		(8, 2, '206'),
		(8, 3, '207'),
		(8, 4, '208'),
		(8, 5, '3008'),
		(8, 6, '307'),
		(8, 7, '308'),
		(8, 8, '408'),
		(8, 9, '508'),
		(9, 1, 'Caravan'),
		(9, 2, 'Compass'),
		(9, 3, 'Gran Cherokee'),
		(9, 4, 'Grand Cherokee Overland'),
		(9, 5, 'Journey'),
		(9, 6, 'Limited'),
		(9, 7, 'Ram'),
		(9, 8, 'Renegade'),
		(10, 1, 'Berlingo'),
		(10, 2, 'C3'),
		(10, 3, 'C3 Aircross'),
		(10, 4, 'C3 Picasso'),
		(10, 5, 'C4'),
		(10, 6, 'DS3'),
		(10, 7, 'S4'),
		(10, 8, 'Xara Picasso'),
		(11, 1, 'Idea'),
		(11, 2, 'Toro'),
		(11, 3, 'Punto'),
		(11, 4, 'Ducato'),
		(11, 5, 'Fiorino'),
		(11, 6, 'Palio'),
		(11, 7, 'Grand Siena'),
		(11, 8, 'Strada'),
	*/	(12, 1, 'Fiesta'),
		(12, 2, 'Focus'),
		(12, 3, 'Ecosport'),
		(12, 4, 'Ka'),
		(12, 5, 'Ranger'),
		(12, 6, 'Mondeo'),
		(12, 7, 'Transit')
go

insert into versiones(id_version, descripcion)
values (1, 'Attractive 1.4'),
	   (2, 'Adventure 1.6'),
	   (3, 'Freedom 4x2 MT'),
	   (4, 'Freedom 4WD MT'),
	   (5, 'Volcano 4WD AT'),
	   (6, 'Essence 1.6'),
	   (7, 'Blackmotion 1.6'),
	   (8, 'Furgón corto 2.3 Techo Normal'),
	   (9, 'Furgón corto 2.3 Techo Normal'),
	   (10, 'Furgón medio 2.3 Techo Normal'),
	   (11, 'Combinato 2.3'),
	   (12, 'Furgon Maxicargo 2.3 Techo Elevado'),
	   (13, '1.4'),
	   (14, 'Adventure 1.6 Cabina Extendida'),
	   (15, 'Trekking 1.3 Multijet Cabina Doble'),
	   (16, 'Working 1.4 Cabina Simple'),
	   (17, 'Working 1.4 Cabina Doble')
go

insert into modelos_versiones (id_marca, id_modelo, id_version)
values(1, 1, 1), -- = Audi
	  (1, 2, 1), -- Verificar versiones (puse todo 1).
	  (1, 3, 1),
	  (1, 4, 1),
	  (3, 1, 1), -- = Chevrolet
	  (3, 5, 1),
	  (3, 10, 1),
	  (3, 20, 1),
	  (12, 1, 1),
	  (12, 2, 1),
	  (12, 5, 1),
	  (12, 7, 1)
	  /*(11, 1, 1), -- 11=Fiat
	  (11, 1, 2),
	  (11, 2, 3),
	  (11, 2, 4),
	  (11, 2, 5),
	  (11, 3, 1),
	  (11, 3, 6),
	  (11, 3, 7),
	  (11, 4, 8),
	  (11, 4, 9),
	  (11, 4, 10),
	  (11, 4, 11),
	  (11, 4, 12),
	  (11, 5, 13),
	  (11, 6, 1),
	  (11, 6, 6),
	  (11, 7, 1),
	  (11, 7, 6)*/
go

insert into colores(id_color, nom_color)
values(1, 'NEGRO'),
	  (2, 'BLANCO'),
	  (3, 'ROJO'),
	  (4, 'AZUL'),
	  (5, 'GRIS PLATA'),
	  (6, 'VERDE'),
	  (7, 'GRIS ACERO'),
	  (8, 'GRIS PETROLEO'),
	  (9, 'AMARILLO')
go

insert into tipos_vehiculos(id_tipo_vehiculo, nombre_tipo_vehiculo)
values(1, 'PARTICULAR'),
	  (2, 'UTILITARIO'),
	  (3, 'COMERCIAL'),
	  (4, 'TRANSPORTE DE PASAJEROS'),
	  (5, 'TRANSPORTE ESCOLAR'),
	  (6, 'CAMION')
go

insert into sucursales(id_sucursal, cod_provincia, id_localidad, nom_sucursal)
values (1, 'CB', 1, 'Sucursal Rio IV'),
	   (2, 'CB', 2, 'Centro'),
	   (3, 'CB', 5, 'Oncativo'),
	   (4, 'CB', 4, 'Jesus Maria')
go

insert into clientes(dni_cliente, apellido_nombre, edad, domicilio, email, cod_provincia, id_localidad, telefono)
values(23432255, 'Pablo Alcaraz', 20, 'Dir Testin 13', 'pabloalcaraz@gmail.com', 'CB', 2, '3517473350'),
	  (24560856, 'Luna Molina Ferrer', 55, 'Dir Testin 14', 'testing14@gmail.com', 'CB', 2, 'telefono'),
	  (25852618, 'Pedro Ramirez', 35, 'Dir Testin 15', 'testing15@gmail.com', 'CB', 2, '351-5777777'),
	  (31103532, 'Daniela Diaz Muñoz', 55, 'Dir Testin 16', 'testing16@gmail.com', 'CB', 2, '3514784425'),
	  (28248271, 'Lidia Puig Crespo', 55, 'Dir testing 17', 'testing17@gmail.com', 'CB', 2, 'telefono'),
	  (33162769, 'Ignacio Carrasco', 55, 'Dir testing 18', 'testing18@gmail.com', 'CB', 2, 'telefono'),
	  (22867351, 'Ainhoa Casas Duran', 55, 'Dir testing 19', 'testing19@gmail.com', 'CB', 2, 'telefono'),
	  (33432133, 'Naiara Roig Sanz', 55, 'Dir testing 20', 'testing20@gmail.com', 'CB', 2, 'telefono'),
	  (25226013, 'Aaron Caballero Nieto', 55, 'Dir testing 21', 'testing21@gmail.com', 'CB', 2, 'telefono'),
	  (39721315, 'Helena Casas Santiago', 55, 'Dir testing 22', 'testing22@gmail.com', 'CB', 2, 'telefono'),
	  (35107075, 'Diego Serra', 55, 'Dir testing 23', 'testing23@gmail.com', 'CB', 2, 'telefono')
go

insert into vehiculos (nro_chasis, id_marca, id_modelo, id_version, id_color, id_tipo_vehiculo, precio, año_fabricacion, id_sucursal, nro_patente)
values(1234, 1, 1, 1, 1, 1, 200.000, 2017, 1, NULL),
	  (1235, 1, 1, 1, 2, 1, 200.000, 2017, 1, NULL),
	  (1236, 1, 1, 1, 3, 1, 200.000, 2017, 1, NULL)
go

insert into planes (id_plan, nom_plan, descripcion, cant_cuotas, entrega_pactada, financiacion, dueño_plan)
values(303455, 'Plan Ahorro', 'Plan Ahorro', 36, '5ta cuota', '36cuotas s/interes', 'GOB'), 
	  (303456, 'Plan Nacional Chevrolet','Plan Nacional Chevrolet', 60, '5ta cuota', '84 cuotas 0% interes', 'GOB'),
	  (303457, 'Plan 100% financiado', 'Plan 100% financiado', 80, '10ma cuota','84 cuotas 0% interes', 'GOB'),
	  (303458, 'Plan 70/30 cuota reducida', 'Plan 70/30 cuota reducida', 90, '3ra cuota', '84 cuotas 0% interes', 'GOB')
go

insert into adquiridos(id_plan, dni_cliente, cancelado, ganador_sorteo, fecha_sorteado, fecha_entrega, nro_chasis, sucursal_suscripcion)
values(303455, 23432255, 'N', 'N', null, null, null, 1),
	  (303457, 24560856, 'N', 'N', null, null, null, 1),
	  (303458, 25852618, 'N', 'N', null, null, null, 1),
	  (303455, 31103532, 'N', 'N', null, null, null, 1),
	  (303456, 28248271, 'N', 'N', null, null, null, 1),
	  (303457, 33162769, 'N', 'N', null, null, null, 1),
	  (303457, 22867351, 'N', 'N', null, null, null, 1),
	  (303458, 33432133, 'N', 'N', null, null, null, 1),
	  (303456, 25226013, 'N', 'N', null, null, null, 1),
	  (303458, 39721315, 'N', 'N', null, null, null, 1),
	  (303457, 35107075, 'N', 'N', null, null, null, 1)
go

insert into cuotas(id_cuota, dni_cliente, id_plan, importe, fecha_vencimiento, pagó)
values(110, 23432255, 303455, 5000.00, '08-11-2015', 'S'),
	  (111, 23432255, 303455, 5000.00, '02-12-2015', 'S'),
	  (112, 23432255, 303455, 5000.00, '02-01-2016', 'S'),
	  (113, 23432255, 303455, 5000.00, '02-02-2016', 'S'),
	  (114, 23432255, 303455, 5000.00, '02-03-2016', 'S'),
	  (115, 23432255, 303455, 5000.00, '02-04-2016', 'S'),
	  (116, 23432255, 303455, 5000.00, '02-05-2016', 'S'),
	  (117, 23432255, 303455, 5000.00, '02-06-2016', 'S'),
	  (118, 23432255, 303455, 5000.00, '02-07-2016', 'S'),
	  (119, 23432255, 303455, 5000.00, '02-08-2016', 'S'),
	  (120, 23432255, 303455, 5000.00, '02-09-2016', 'S'),
	  (121, 23432255, 303455, 5000.00, '02-12-2016', 'S'),
	  (122, 23432255, 303455, 5000.00, '02-01-2017', 'S'),
	  (123, 23432255, 303455, 5000.00, '02-02-2017', 'S'),
	  (124, 23432255, 303455, 5000.00, '02-03-2017', 'S'),
	  (125, 23432255, 303455, 5000.00, '02-04-2017', 'S'),
	  (126, 23432255, 303455, 5000.00, '02-05-2017', 'S'),
	  (127, 23432255, 303455, 5000.00, '02-06-2017', 'S'),
	  (128, 23432255, 303455, 5000.00, '02-07-2017', 'S'),
	  (129, 23432255, 303455, 5000.00, '02-08-2017', 'S'),
	  (130, 23432255, 303455, 5000.00, '02-09-2017', 'S'),
	  (131, 23432255, 303455, 5000.00, '02-12-2016', 'S'),
	  (132, 23432255, 303455, 5000.00, '02-01-2017', 'S'),
	  (133, 23432255, 303455, 5000.00, '02-02-2017', 'S'),
	  (134, 23432255, 303455, 5000.00, '02-03-2017', 'S'),
	  (135, 23432255, 303455, 5000.00, '02-04-2017', 'S'),
	  (136, 23432255, 303455, 5000.00, '02-05-2017', 'S'),
	  (137, 23432255, 303455, 5000.00, '02-06-2017', 'S'),
	  (138, 23432255, 303455, 5000.00, '02-07-2017', 'S'),
	  (139, 23432255, 303455, 5000.00, '02-08-2017', 'S'),
	  (140, 23432255, 303455, 5000.00, '02-09-2017', 'S'),
	  (141, 23432255, 303455, 5000.00, '02-10-2017', 'S'),
	  (142, 23432255, 303455, 5000.00, '02-11-2017', 'S'),
	  (143, 23432255, 303455, 5000.00, '02-12-2017', 'S'),
	  (144, 23432255, 303455, 5000.00, '02-01-2018', 'S'),
	  (145, 23432255, 303455, 5000.00, '02-02-2018', 'S'),
	  (146, 23432255, 303455, 5000.00, '02-03-2018', 'N'),
	  (147, 23432255, 303455, 5000.00, '02-04-2018', 'N'),
	  (148, 23432255, 303455, 5000.00, '02-05-2018', 'N'),
	  (149, 23432255, 303455, 5000.00, '02-06-2018', 'N'),
	  (150, 23432255, 303455, 5000.00, '02-07-2018', 'N'),
	  (151, 23432255, 303455, 5000.00, '02-08-2018', 'N'),
	  (152, 23432255, 303455, 5000.00, '02-09-2018', 'N'),
	  (153, 23432255, 303455, 5000.00, '02-10-2018', 'N'),
	  (154, 23432255, 303455, 5000.00, '02-11-2018', 'N'),
	  (155, 23432255, 303455, 5000.00, '02-12-2018', 'N'),
	  (156, 23432255, 303455, 5000.00, '02-01-2019', 'N'),
	  (157, 23432255, 303455, 5000.00, '02-02-2019', 'N'),
	  (158, 23432255, 303455, 5000.00, '02-03-2019', 'N'),
	  (159, 23432255, 303455, 5000.00, '02-04-2019', 'N'),
	  (160, 23432255, 303455, 5000.00, '02-05-2019', 'N')
go

insert into cuotas(id_cuota, dni_cliente, id_plan, importe, fecha_vencimiento, pagó)
values(110, 24560856, 303457, 8000.00, '02-10-2014', 'S'),
	  (111, 24560856, 303457, 8000.00, '02-11-2014', 'S'),
	  (112, 24560856, 303457, 8000.00, '02-12-2014', 'S'),
	  (113, 24560856, 303457, 8000.00, '02-01-2015', 'S'),
	  (114, 24560856, 303457, 8000.00, '02-02-2015', 'S'),
	  (115, 24560856, 303457, 8000.00, '02-03-2015', 'N'),
	  (116, 24560856, 303457, 8000.00, '02-04-2015', 'N'),
	  (117, 24560856, 303457, 8000.00, '02-05-2015', 'N'),
	  (118, 24560856, 303457, 8000.00, '02-06-2015', 'N'),
	  (119, 24560856, 303457, 8000.00, '02-07-2015', 'N'),
	  (120, 24560856, 303457, 8000.00, '02-08-2015', 'N'),
	  (121, 24560856, 303457, 8000.00, '02-09-2015', 'N'),
	  (122, 24560856, 303457, 8000.00, '02-10-2015', 'N'),
	  (123, 24560856, 303457, 8000.00, '02-11-2015', 'N'),
	  (124, 24560856, 303457, 8000.00, '02-12-2015', 'N'),
	  (125, 24560856, 303457, 8000.00, '02-01-2016', 'N'),
	  (126, 24560856, 303457, 8000.00, '02-02-2016', 'N'),
	  (127, 24560856, 303457, 8000.00, '02-03-2016', 'N'),
	  (128, 24560856, 303457, 8000.00, '02-04-2016', 'N'),
	  (129, 24560856, 303457, 8000.00, '02-05-2016', 'N'),
	  (130, 24560856, 303457, 8000.00, '02-06-2016', 'N'),
	  (131, 24560856, 303457, 8000.00, '02-07-2016', 'N'),
	  (132, 24560856, 303457, 8000.00, '02-08-2016', 'N'),
	  (133, 24560856, 303457, 8000.00, '02-09-2016', 'N'),
	  (134, 24560856, 303457, 8000.00, '02-10-2016', 'N'),
	  (135, 24560856, 303457, 8000.00, '02-11-2016', 'N'),
	  (136, 24560856, 303457, 8000.00, '02-12-2016', 'N'),
	  (137, 24560856, 303457, 8000.00, '02-01-2017', 'N'),
	  (138, 24560856, 303457, 8000.00, '02-02-2017', 'N'),
	  (139, 24560856, 303457, 8000.00, '02-03-2017', 'N'),
	  (140, 24560856, 303457, 8000.00, '02-04-2017', 'N'),
	  (141, 24560856, 303457, 8000.00, '02-05-2017', 'N'),
	  (142, 24560856, 303457, 8000.00, '02-06-2017', 'N'),
	  (143, 24560856, 303457, 8000.00, '02-07-2017', 'N'),
	  (144, 24560856, 303457, 8000.00, '02-08-2017', 'N'),
	  (145, 24560856, 303457, 8000.00, '02-09-2017', 'N'),
	  (146, 24560856, 303457, 8000.00, '02-10-2017', 'N'),
	  (147, 24560856, 303457, 8000.00, '02-11-2017', 'N'),
	  (148, 24560856, 303457, 8000.00, '02-12-2017', 'N'),
	  (149, 24560856, 303457, 8000.00, '02-01-2018', 'N'),
	  (150, 24560856, 303457, 8000.00, '02-02-2018', 'N'),
	  (151, 24560856, 303457, 8000.00, '02-03-2018', 'N'),
	  (152, 24560856, 303457, 8000.00, '02-04-2018', 'N'),
	  (153, 24560856, 303457, 8000.00, '02-05-2018', 'N'),
	  (154, 24560856, 303457, 8000.00, '02-06-2018', 'N'),
	  (155, 24560856, 303457, 8000.00, '02-07-2018', 'N'),
	  (156, 24560856, 303457, 8000.00, '02-08-2018', 'N'),
	  (157, 24560856, 303457, 8000.00, '02-09-2018', 'N'),
	  (158, 24560856, 303457, 8000.00, '02-10-2018', 'N'),
	  (159, 24560856, 303457, 8000.00, '02-11-2018', 'N'),
	  (160, 24560856, 303457, 8000.00, '02-12-2018', 'N')
go

insert into cuotas(id_cuota, dni_cliente, id_plan, importe, fecha_vencimiento, pagó)
values(110, 25852618, 303458, 7000.000, '02-01-2016', 'N'),
	  (111, 25852618, 303458, 7000.000, '02-02-2016', 'N'),
	  (112, 25852618, 303458, 7000.000, '02-03-2016', 'N'),
	  (113, 25852618, 303458, 7000.000, '02-04-2016', 'N'),
	  (114, 25852618, 303458, 7000.000, '02-05-2016', 'N'),
	  (115, 25852618, 303458, 7000.000, '02-06-2016', 'N'),
	  (116, 25852618, 303458, 7000.000, '02-07-2016', 'N'),
	  (117, 25852618, 303458, 7000.000, '02-08-2016', 'N'),
	  (118, 25852618, 303458, 7000.000, '02-09-2016', 'N'),
	  (119, 25852618, 303458, 7000.000, '02-10-2016', 'N'),
	  (120, 25852618, 303458, 7000.000, '02-11-2016', 'N'),
	  (121, 25852618, 303458, 7000.000, '02-12-2016', 'N'),
	  (122, 25852618, 303458, 7000.000, '02-03-2016', 'N'),
	  (123, 25852618, 303458, 7000.000, '02-04-2016', 'N'),
	  (124, 25852618, 303458, 7000.000, '02-05-2016', 'N'),
	  (125, 25852618, 303458, 7000.000, '02-06-2016', 'N'),
	  (126, 25852618, 303458, 7000.000, '02-07-2016', 'N'),
	  (127, 25852618, 303458, 7000.000, '02-08-2016', 'N'),
	  (128, 25852618, 303458, 7000.000, '02-09-2016', 'N'),
	  (129, 25852618, 303458, 7000.000, '02-10-2016', 'N'),
	  (130, 25852618, 303458, 7000.000, '02-11-2016', 'N'),
	  (131, 25852618, 303458, 7000.000, '02-12-2016', 'N')

go

insert into cuotas(id_cuota, dni_cliente, id_plan, importe, fecha_vencimiento, pagó)
values(110, 31103532, 303455, 5000.000, '02-06-2018', 'N'),
	  (111, 31103532, 303455, 5000.000, '02-02-2018', 'N'),
	  (112, 31103532, 303455, 5000.000, '02-03-2018', 'N'),
	  (113, 31103532, 303455, 5000.000, '02-04-2018', 'N'),
	  (114, 31103532, 303455, 5000.000, '02-05-2018', 'N'),
	  (115, 31103532, 303455, 5000.000, '02-06-2018', 'N'),
	  (116, 31103532, 303455, 5000.000, '02-06-2018', 'N'),
	  (117, 31103532, 303455, 5000.000, '02-06-2018', 'N'),
	  (118, 31103532, 303455, 5000.000, '02-06-2018', 'N'),
	  (119, 31103532, 303455, 5000.000, '02-06-2018', 'N'),
	  (120, 31103532, 303455, 5000.000, '02-06-2018', 'N')
go

insert into cuotas(id_cuota, dni_cliente, id_plan, importe, fecha_vencimiento, pagó)
values(110, 28248271, 303456, 5000.000, '02-06-2018', 'N'),
	  (111, 28248271, 303456, 5000.000, '02-02-2018', 'N'),
	  (112, 28248271, 303456, 5000.000, '02-03-2018', 'N'),
	  (113, 28248271, 303456, 5000.000, '02-04-2018', 'N'),
	  (114, 28248271, 303456, 5000.000, '02-05-2018', 'N'),
	  (115, 28248271, 303456, 5000.000, '02-06-2018', 'N'),
	  (116, 28248271, 303456, 5000.000, '02-06-2018', 'N'),
	  (117, 28248271, 303456, 5000.000, '02-06-2018', 'N'),
	  (118, 28248271, 303456, 5000.000, '02-06-2018', 'N'),
	  (119, 28248271, 303456, 5000.000, '02-06-2018', 'N'),
	  (120, 28248271, 303456, 5000.000, '02-06-2018', 'N')
go

insert into cuotas(id_cuota, dni_cliente, id_plan, importe, fecha_vencimiento, pagó)
values(110, 33162769, 303457, 5000.000, '02-06-2018', 'N'),
	  (111, 33162769, 303457, 5000.000, '02-02-2018', 'N'),
	  (112, 33162769, 303457, 5000.000, '02-03-2018', 'N'),
	  (113, 33162769, 303457, 5000.000, '02-04-2018', 'N'),
	  (114, 33162769, 303457, 5000.000, '02-05-2018', 'N'),
	  (115, 33162769, 303457, 5000.000, '02-06-2018', 'N'),
	  (116, 33162769, 303457, 5000.000, '02-06-2018', 'N'),
	  (117, 33162769, 303457, 5000.000, '02-06-2018', 'N'),
	  (118, 33162769, 303457, 5000.000, '02-06-2018', 'N'),
	  (119, 33162769, 303457, 5000.000, '02-06-2018', 'N'),
	  (120, 33162769, 303457, 5000.000, '02-06-2018', 'N')
go

insert into cuotas(id_cuota, dni_cliente, id_plan, importe, fecha_vencimiento, pagó)
values(110, 22867351, 303457, 8000.000, '02-06-2018', 'N'),
	  (111, 22867351, 303457, 8000.000, '02-02-2018', 'N'),
	  (112, 22867351, 303457, 8000.000, '02-03-2018', 'N'),
	  (113, 22867351, 303457, 8000.000, '02-04-2018', 'N'),
	  (114, 22867351, 303457, 8000.000, '02-05-2018', 'N'),
	  (115, 22867351, 303457, 8000.000, '02-06-2018', 'N'),
	  (116, 22867351, 303457, 8000.000, '02-06-2018', 'N'),
	  (117, 22867351, 303457, 8000.000, '02-06-2018', 'N'),
	  (118, 22867351, 303457, 8000.000, '02-06-2018', 'N'),
	  (119, 22867351, 303457, 8000.000, '02-06-2018', 'N'),
	  (120, 22867351, 303457, 8000.000, '02-06-2018', 'N')
go

insert into cuotas(id_cuota, dni_cliente, id_plan, importe, fecha_vencimiento, pagó)
values(110, 33432133, 303458, 5000.000, '02-06-2018', 'N'),
	  (111, 33432133, 303458, 5000.000, '02-02-2018', 'N'),
	  (112, 33432133, 303458, 5000.000, '02-03-2018', 'N'),
	  (113, 33432133, 303458, 5000.000, '02-04-2018', 'N'),
	  (114, 33432133, 303458, 5000.000, '02-05-2018', 'N'),
	  (115, 33432133, 303458, 5000.000, '02-06-2018', 'N'),
	  (116, 33432133, 303458, 5000.000, '02-06-2018', 'N'),
	  (117, 33432133, 303458, 5000.000, '02-06-2018', 'N'),
	  (118, 33432133, 303458, 5000.000, '02-06-2018', 'N'),
	  (119, 33432133, 303458, 5000.000, '02-06-2018', 'N'),
	  (120, 33432133, 303458, 5000.000, '02-06-2018', 'N')
go

insert into cuotas(id_cuota, dni_cliente, id_plan, importe, fecha_vencimiento, pagó)
values(110, 25226013, 303456, 5000.000, '02-06-2018', 'N'),
	  (111, 25226013, 303456, 5000.000, '02-02-2018', 'N'),
	  (112, 25226013, 303456, 5000.000, '02-03-2018', 'N'),
	  (113, 25226013, 303456, 5000.000, '02-04-2018', 'N'),
	  (114, 25226013, 303456, 5000.000, '02-05-2018', 'N'),
	  (115, 25226013, 303456, 5000.000, '02-06-2018', 'N'),
	  (116, 25226013, 303456, 5000.000, '02-06-2018', 'N'),
	  (117, 25226013, 303456, 5000.000, '02-06-2018', 'N'),
	  (118, 25226013, 303456, 5000.000, '02-06-2018', 'N'),
	  (119, 25226013, 303456, 5000.000, '02-06-2018', 'N'),
	  (120, 25226013, 303456, 5000.000, '02-06-2018', 'N')
go

insert into cuotas(id_cuota, dni_cliente, id_plan, importe, fecha_vencimiento, pagó)
values(110, 39721315, 303458, 5000.000, '02-06-2018', 'N'),
	  (111, 39721315, 303458, 5000.000, '02-02-2018', 'N'),
	  (112, 39721315, 303458, 5000.000, '02-03-2018', 'N'),
	  (113, 39721315, 303458, 5000.000, '02-04-2018', 'N'),
	  (114, 39721315, 303458, 5000.000, '02-05-2018', 'N'),
	  (115, 39721315, 303458, 5000.000, '02-06-2018', 'N'),
	  (116, 39721315, 303458, 5000.000, '02-06-2018', 'N'),
	  (117, 39721315, 303458, 5000.000, '02-06-2018', 'N'),
	  (118, 39721315, 303458, 5000.000, '02-06-2018', 'N'),
	  (119, 39721315, 303458, 5000.000, '02-06-2018', 'N'),
	  (120, 39721315, 303458, 5000.000, '02-06-2018', 'N')
go

insert into cuotas(id_cuota, dni_cliente, id_plan, importe, fecha_vencimiento, pagó)
values(110, 35107075, 303457, 7000.000, '02-06-2018', 'N'),
	  (111, 35107075, 303457, 7000.000, '02-02-2018', 'N'),
	  (112, 35107075, 303457, 7000.000, '02-03-2018', 'N'),
	  (113, 35107075, 303457, 7000.000, '02-04-2018', 'N'),
	  (114, 35107075, 303457, 7000.000, '02-05-2018', 'N'),
	  (115, 35107075, 303457, 7000.000, '02-06-2018', 'N'),
	  (116, 35107075, 303457, 7000.000, '02-06-2018', 'N'),
	  (117, 35107075, 303457, 7000.000, '02-06-2018', 'N'),
	  (118, 35107075, 303457, 7000.000, '02-06-2018', 'N'),
	  (119, 35107075, 303457, 7000.000, '02-06-2018', 'N'),
	  (120, 35107075, 303457, 7000.000, '02-06-2018', 'N')
go


;
GO

use COLCAR

insert into nacionalidades(cod_nacionalidad, nom_nacionalidad)
values  ('GER', 'Alemana'),
		('ITA', 'Italiana'),
		('FRA', 'Francesa'),
		('USA', 'Americana'),
		('JAP', 'Japonesa')
go

insert into provincias(cod_provincia, nombre_provincia)
values('BA', 'Buenos Aires'),
	  ('CA', 'Catamarca'),
	  ('CH', 'Chaco'),
	  ('CT', 'Chubut'),
	  ('CB', 'Cordoba'),
	  ('CR', 'Corrientes'),
	  ('ER', 'Entre Rios'),
	  ('FO', 'Formosa'),
	  ('JY', 'Jujuy'),
	  ('LP', 'La Pampa'),
	  ('LR', 'La Rioja'),
	  ('MZ', 'Mendoza'),
	  ('MI', 'Misiones'),
	  ('NQ', 'Neuquen'),
	  ('RN', 'Rio Negro'),
	  ('SA', 'Salta '),
	  ('SJ', 'San Juan'),
	  ('SL', 'San Luis'),
	  ('SC', 'Santa Cruz'),
	  ('SF', 'Santa Fe'),
	  ('SE', 'Santiago del Estero'),
	  ('TF', 'Tierra del Fuego'),
	  ('TU', 'Tucuman')
go

insert into localidades(id_localidad, nombre_localidad, cod_provincia)
values(1, 'Rio Cuarto', 'CB'),
	  (2, 'Cordoba Capital', 'CB'),
	  (3, 'San Miguel', 'TU'),
	  (4, 'Jesus Maria', 'CB'),
	  (5, 'Oncativo', 'CB')
go

insert into marcas (id_marca, nombre_marca, cod_nacionalidad)
values  (1, 'Audi', 'GER'),
		(2, 'BMW', 'GER'),
		(3, 'Chevrolet', 'USA'),
		(4, 'Mazda', 'JAP'),
		(5, 'Mercedes Benz', 'GER' ),
		(6, 'Mitsubishi', 'JAP'),
		(7, 'Nissan', 'JAP'),
		(8, 'Peugeot', 'FRA'),
		(9, 'Chrysler/Jeep/Dodge', 'USA'),
		(10, 'Citroen', 'FRA'),
		(11, 'Fiat', 'ITA'),
		(12, 'Ford', 'USA'),
		(13, 'Volkswagen', 'GER')
go

insert into modelos (id_marca, id_modelo, nombre_modelo)
values  (1, 1, 'A1'),
		(1, 2, 'A3'),
		(1, 3, 'A4'),
		(1, 4, 'Q5'),
		(2, 1, '118i'),
		(2, 2, '320D'),
		(2, 3, '325i'),
		(2, 4, '335i'),
		(2, 5, 'X1D'),
		(3, 1, 'Agile'),
		(3, 2, 'Astra'),
		(3, 3, 'Aveo'),
		(3, 4, 'Captiva'),
		(3, 5, 'Celta'),
		(3, 6, 'Cobalt'),
		(3, 7, 'Corsa'),
		(3 ,8, 'Corsa II'),
		(3, 9, 'Corsa Wagon'),
		(3, 10, 'Cruze'),
		(3, 11, 'Meriva'),
		(3, 12, 'Montana'),
		(3, 13, 'Onix'),
		(3, 14, 'Prisma'),
		(3, 15, 'S10'),
		(3, 16, 'Sonic'),
		(3, 17, 'Spin'),
		(3, 18, 'Tracker'),
		(3, 19, 'Vectra'),
		(3, 20, 'Zafira'),
		(4, 1, 'B2500'),
		(4, 2, 'C200'),
		(5, 1, 'Sprinter'),
		(6, 1, 'L200'),
		(7, 1, 'Frontier'),
		(7, 2, 'March'),
		(7, 3, 'Murano'),
		(7, 4, 'Note'),
		(7, 5, 'NP300'),
		(7, 6, 'Sentra'),
		(7, 7, 'Tiida'),
		(7, 8, 'Versa'),
		(7, 9, 'X-Terra'),
		(7, 10, 'X-Trail'),
		(8, 1 ,'2008'),
		(8, 2, '206'),
		(8, 3, '207'),
		(8, 4, '208'),
		(8, 5, '3008'),
		(8, 6, '307'),
		(8, 7, '308'),
		(8, 8, '408'),
		(8, 9, '508'),
		(9, 1, 'Caravan'),
		(9, 2, 'Compass'),
		(9, 3, 'Gran Cherokee'),
		(9, 4, 'Grand Cherokee Overland'),
		(9, 5, 'Journey'),
		(9, 6, 'Limited'),
		(9, 7, 'Ram'),
		(9, 8, 'Renegade'),
		(10, 1, 'Berlingo'),
		(10, 2, 'C3'),
		(10, 3, 'C3 Aircross'),
		(10, 4, 'C3 Picasso'),
		(10, 5, 'C4'),
		(10, 6, 'DS3'),
		(10, 7, 'S4'),
		(10, 8, 'Xara Picasso'),
		(11, 1, 'Idea'),
		(11, 2, 'Toro'),
		(11, 3, 'Punto'),
		(11, 4, 'Ducato'),
		(11, 5, 'Fiorino'),
		(11, 6, 'Palio'),
		(11, 7, 'Grand Siena'),
		(11, 8, 'Strada'),
		(12, 1, 'Fiesta'),
		(12, 2, 'Focus'),
		(12, 3, 'Ecosport'),
		(12, 4, 'Ka'),
		(12, 5, 'Ranger'),
		(12, 6, 'Mondeo'),
		(12, 7, 'Transit')
go

insert into versiones(id_version, descripcion)
values (1, 'Attractive 1.4'),
	   (2, 'Adventure 1.6'),
	   (3, 'Freedom 4x2 MT'),
	   (4, 'Freedom 4WD MT'),
	   (5, 'Volcano 4WD AT'),
	   (6, 'Essence 1.6'),
	   (7, 'Blackmotion 1.6'),
	   (8, 'Furgón corto 2.3 Techo Normal'),
	   (9, 'Furgón corto 2.3 Techo Normal'),
	   (10, 'Furgón medio 2.3 Techo Normal'),
	   (11, 'Combinato 2.3'),
	   (12, 'Furgon Maxicargo 2.3 Techo Elevado'),
	   (13, '1.4'),
	   (14, 'Adventure 1.6 Cabina Extendida'),
	   (15, 'Trekking 1.3 Multijet Cabina Doble'),
	   (16, 'Working 1.4 Cabina Simple'),
	   (17, 'Working 1.4 Cabina Doble')
go

insert into modelos_versiones (id_marca, id_modelo, id_version)
values(1, 1, 1), -- = Audi
	  (1, 2, 1), -- Verificar versiones (puse todo 1).
	  (1, 3, 1),
	  (1, 4, 1),
	  (3, 1, 1), -- = Chevrolet
	  (3, 5, 1),
	  (3, 10, 1),
	  (3, 20, 1),
	  (12, 1, 1),
	  (12, 2, 1),
	  (12, 5, 1),
	  (12, 7, 1),
	  (11, 1, 1), -- 11=Fiat
	  (11, 1, 2),
	  (11, 2, 3),
	  (11, 2, 4),
	  (11, 2, 5),
	  (11, 3, 1),
	  (11, 3, 6),
	  (11, 3, 7),
	  (11, 4, 8),
	  (11, 4, 9),
	  (11, 4, 10),
	  (11, 4, 11),
	  (11, 4, 12),
	  (11, 5, 13),
	  (11, 6, 1),
	  (11, 6, 6),
	  (11, 7, 1),
	  (11, 7, 6)
go

insert into sucursales(id_sucursal, cod_provincia, id_localidad, nom_sucursal)
values (1, 'CB', 1, 'Sucursal Rio IV'),
	   (2, 'CB', 2, 'Centro'),
	   (3, 'CB', 5, 'Oncativo'),
	   (4, 'CB', 4, 'Jesus Maria')
go

insert into colores(id_color, nom_color)
values(1, 'NEGRO'),
	  (2, 'BLANCO'),
	  (3, 'ROJO'),
	  (4, 'AZUL'),
	  (5, 'GRIS PLATA'),
	  (6, 'VERDE'),
	  (7, 'GRIS ACERO'),
	  (8, 'GRIS PETROLEO'),
	  (9, 'AMARILLO')
go

insert into clientes(dni_cliente, apellido_nombre, edad, domicilio, email, cod_provincia, id_localidad, telefono)
values(25174634, 'Nombre Testing', 55, 'Dir testing', 'email@testing.com', 'CB', 2, 'telefono'),
	  (24365613, 'Nombre Testing', 55, 'Dir testing', 'email@testing.com', 'CB', 2, 'telefono'),
	  (22872919, 'Nombre Testing', 55, 'Dir testing', 'email@testing.com', 'CB', 2, 'telefono'),
	  (33576314, 'Nombre Testing', 55, 'Dir testing', 'email@testing.com', 'CB', 2, 'telefono'),
	  (23405390, 'Nombre Testing', 55, 'Dir testing', 'email@testing.com', 'CB', 2, 'telefono'),
	  (34970322, 'Nombre Testing', 55, 'Dir testing', 'email@testing.com', 'CB', 2, 'telefono'),
	  (33870475, 'Nombre Testing', 55, 'Dir testing', 'email@testing.com', 'CB', 2, 'telefono'),
	  (30895845, 'Nombre Testing', 55, 'Dir testing', 'email@testing.com', 'CB', 2, 'telefono'),
	  (21005836, 'Nombre Testing', 55, 'Dir testing', 'email@testing.com', 'CB', 2, 'telefono'),
	  (29930123, 'Nombre Testing', 55, 'Dir testing', 'email@testing.com', 'CB', 2, 'telefono'),
	  (32998142, 'Nombre Testing', 55, 'Dir testing', 'email@testing.com', 'CB', 2, 'telefono'),
	  (28421744, 'Nombre Testing', 55, 'Dir testing', 'email@testing.com', 'CB', 2, 'telefono')
go

insert into planes (id_plan, nom_plan, descripcion, cant_cuotas, entrega_pactada, financiacion, dueño_plan)
values(303455, 'Plan Ahorro', 'Plan Ahorro', 36, '5ta cuota', '36cuotas s/interes', 'CON'), 
	  (303456, 'Plan Nacional Chevrolet','Plan Nacional Chevrolet', 60, '5ta cuota', '84 cuotas 0% interes', 'GOB'),
	  (303457, 'Plan 100% financiado', 'Plan 100% financiado', 80, '10ma cuota','84 cuotas 0% interes', 'GOB'),
	  (303458, 'Plan 70/30 cuota reducida', 'Plan 70/30 cuota reducida', 90, '3ra cuota', '84 cuotas 0% interes', 'GOB')
go

insert into adquiridos(id_plan, dni_cliente, cancelado, ganador_sorteo, fecha_sorteado, fecha_entrega, nro_chasis, sucursal_suscripcion)
values(303455, 25174634, 'N', 'N', '07-07-2007', null, null, 1),
	  (303457, 24365613, 'N', 'N', null, null, null, 1),
	  (303458, 22872919, 'N', 'N', null, null, null, 1),
	  (303455, 33576314, 'N', 'N', null, null, null, 1),
	  (303456, 23405390, 'N', 'N', null, null, null, 1),
	  (303457, 34970322, 'N', 'N', null, null, null, 1),
	  (303457, 33870475, 'N', 'N', null, null, null, 1),
	  (303458, 30895845, 'N', 'N', null, null, null, 1),
	  (303456, 21005836, 'N', 'N', null, null, null, 1),
	  (303458, 29930123, 'N', 'N', null, null, null, 1),
	  (303457, 32998142, 'N', 'N', null, null, null, 1),
	  (303455, 28421744, 'N', 'N', null, null, null, 1)
go

insert into cuotas(id_cuota, dni_cliente, id_plan, importe, fecha_vencimiento, pagó)
values(110, 25174634, 303455, 5000.000, '02-06-2018', 'N'),
	  (111, 25174634, 303455, 5000.000, '02-02-2018', 'N'),
	  (112, 25174634, 303455, 5000.000, '02-03-2018', 'N'),
	  (113, 25174634, 303455, 5000.000, '02-04-2018', 'N'),
	  (114, 25174634, 303455, 5000.000, '02-05-2018', 'N'),
	  (115, 25174634, 303455, 5000.000, '02-06-2018', 'N'),
	  (116, 25174634, 303455, 5000.000, '02-06-2018', 'N'),
	  (117, 25174634, 303455, 5000.000, '02-06-2018', 'N'),
	  (118, 25174634, 303455, 5000.000, '02-06-2018', 'N'),
	  (119, 25174634, 303455, 5000.000, '02-06-2018', 'N'),
	  (120, 25174634, 303455, 5000.000, '02-06-2018', 'N')
go

insert into cuotas(id_cuota, dni_cliente, id_plan, importe, fecha_vencimiento, pagó)
values(110, 24365613, 303457, 5000.00, '02-05-2016', 'S'),
	  (111, 24365613, 303457, 5000.00, '02-06-2016', 'S'),
	  (112, 24365613, 303457, 5000.00, '02-07-2016', 'S'),
	  (113, 24365613, 303457, 5000.00, '02-08-2016', 'S'),
	  (114, 24365613, 303457, 5000.00, '02-09-2016', 'S'),
	  (115, 24365613, 303457, 5000.00, '02-10-2016', 'S'),
	  (116, 24365613, 303457, 5000.00, '02-11-2016', 'S'),
	  (117, 24365613, 303457, 5000.00, '02-12-2016', 'S'),
	  (118, 24365613, 303457, 5000.00, '02-01-2017', 'S'),
	  (119, 24365613, 303457, 5000.00, '02-02-2017', 'S'),
	  (120, 24365613, 303457, 5000.00, '02-03-2017', 'S'),
	  (121, 24365613, 303457, 5000.00, '02-04-2017', 'S'),
	  (122, 24365613, 303457, 5000.00, '02-05-2017', 'S'),
	  (123, 24365613, 303457, 5000.00, '02-06-2017', 'S'),
	  (124, 24365613, 303457, 5000.00, '02-07-2017', 'S'),
	  (125, 24365613, 303457, 5000.00, '02-08-2017', 'S'),
	  (126, 24365613, 303457, 5000.00, '02-09-2017', 'S'),
	  (127, 24365613, 303457, 5000.00, '02-10-2017', 'S'),
	  (128, 24365613, 303457, 5000.00, '02-11-2017', 'S'),
	  (129, 24365613, 303457, 5000.00, '02-12-2017', 'S'),
	  (130, 24365613, 303457, 5000.00, '02-01-2018', 'S'),
	  (131, 24365613, 303457, 5000.00, '02-02-2018', 'S'),
	  (132, 24365613, 303457, 5000.00, '02-03-2018', 'S'),
	  (133, 24365613, 303457, 5000.00, '02-04-2018', 'S'),
	  (134, 24365613, 303457, 5000.00, '02-05-2018', 'S'),
	  (135, 24365613, 303457, 5000.00, '02-06-2018', 'S'),
	  (136, 24365613, 303457, 5000.00, '02-07-2018', 'S'),
	  (137, 24365613, 303457, 5000.00, '02-08-2018', 'S'),
	  (138, 24365613, 303457, 5000.00, '02-09-2018', 'S'),
	  (139, 24365613, 303457, 5000.00, '02-10-2018', 'S'),
	  (140, 24365613, 303457, 5000.00, '02-11-2018', 'S'),
	  (141, 24365613, 303457, 5000.00, '02-12-2018', 'S'),
	  (142, 24365613, 303457, 5000.00, '02-01-2019', 'S'),
	  (143, 24365613, 303457, 5000.00, '02-02-2019', 'S'),
	  (144, 24365613, 303457, 5000.00, '02-03-2019', 'S'),
	  (145, 24365613, 303457, 5000.00, '02-04-2019', 'S'),
	  (146, 24365613, 303457, 5000.00, '02-05-2019', 'S'),
	  (147, 24365613, 303457, 5000.00, '02-06-2019', 'N'),
	  (148, 24365613, 303457, 5000.00, '02-07-2019', 'N'),
	  (149, 24365613, 303457, 5000.00, '02-08-2019', 'N'),
	  (150, 24365613, 303457, 5000.00, '02-09-2019', 'N'),
	  (151, 24365613, 303457, 5000.00, '02-10-2019', 'N'),
	  (152, 24365613, 303457, 5000.00, '02-11-2019', 'N'),
	  (153, 24365613, 303457, 5000.00, '02-12-2019', 'N'),
	  (154, 24365613, 303457, 5000.00, '02-01-2020', 'N'),
	  (155, 24365613, 303457, 5000.00, '02-02-2020', 'N'),
	  (156, 24365613, 303457, 5000.00, '02-03-2020', 'N'),
	  (157, 24365613, 303457, 5000.00, '02-04-2020', 'N'),
	  (158, 24365613, 303457, 5000.00, '02-05-2020', 'N'),
	  (159, 24365613, 303457, 5000.00, '02-06-2020', 'N'),
	  (160, 24365613, 303457, 5000.00, '02-07-2020', 'N')	  
go
/*
insert into cuotas(id_cuota, dni_cliente, id_plan, importe, fecha_vencimiento, pagó)
values(110, 22872919, 303458, 5000.000, '02-06-2018', 'N'),
	  (111, 22872919, 303458, 5000.000, '02-02-2018', 'N'),
	  (112, 22872919, 303458, 5000.000, '02-03-2018', 'N'),
	  (113, 22872919, 303458, 5000.000, '02-04-2018', 'N'),
	  (114, 22872919, 303458, 5000.000, '02-05-2018', 'N'),
	  (115, 22872919, 303458, 5000.000, '02-06-2018', 'N'),
	  (116, 22872919, 303458, 5000.000, '02-06-2018', 'N'),
	  (117, 22872919, 303458, 5000.000, '02-06-2018', 'N'),
	  (118, 22872919, 303458, 5000.000, '02-06-2018', 'N'),
	  (119, 22872919, 303458, 5000.000, '02-06-2018', 'N'),
	  (120, 22872919, 303458, 5000.000, '02-06-2018', 'N')
go*/

insert into cuotas(id_cuota, dni_cliente, id_plan, importe, fecha_vencimiento, pagó)
values(110, 33576314, 303455, 8000.00, '02-06-2018', 'N'),
	  (111, 33576314, 303455, 8000.00, '02-02-2018', 'N'),
	  (112, 33576314, 303455, 8000.00, '02-03-2018', 'N'),
	  (113, 33576314, 303455, 8000.00, '02-04-2018', 'N'),
	  (114, 33576314, 303455, 8000.00, '02-05-2018', 'N'),
	  (115, 33576314, 303455, 8000.00, '02-06-2018', 'N'),
	  (116, 33576314, 303455, 8000.00, '02-06-2018', 'N'),
	  (117, 33576314, 303455, 8000.00, '02-06-2018', 'N'),
	  (118, 33576314, 303455, 8000.00, '02-06-2018', 'N'),
	  (119, 33576314, 303455, 8000.00, '02-06-2018', 'N'),
	  (120, 33576314, 303455, 8000.00, '02-06-2018', 'N')
go
/*
insert into cuotas(id_cuota, dni_cliente, id_plan, importe, fecha_vencimiento, pagó)
values(110, 23405390, 303456, 5000.000, '02-06-2018', 'N'),
	  (111, 23405390, 303456, 5000.000, '02-02-2018', 'N'),
	  (112, 23405390, 303456, 5000.000, '02-03-2018', 'N'),
	  (113, 23405390, 303456, 5000.000, '02-04-2018', 'N'),
	  (114, 23405390, 303456, 5000.000, '02-05-2018', 'N'),
	  (115, 23405390, 303456, 5000.000, '02-06-2018', 'N'),
	  (116, 23405390, 303456, 5000.000, '02-06-2018', 'N'),
	  (117, 23405390, 303456, 5000.000, '02-06-2018', 'N'),
	  (118, 23405390, 303456, 5000.000, '02-06-2018', 'N'),
	  (119, 23405390, 303456, 5000.000, '02-06-2018', 'N'),
	  (120, 23405390, 303456, 5000.000, '02-06-2018', 'N')
go*/

insert into cuotas(id_cuota, dni_cliente, id_plan, importe, fecha_vencimiento, pagó)
values(110, 34970322, 303457, 5000.000, '02-06-2018', 'N'),
	  (111, 34970322, 303457, 5000.000, '02-02-2018', 'N'),
	  (112, 34970322, 303457, 5000.000, '02-03-2018', 'N'),
	  (113, 34970322, 303457, 5000.000, '02-04-2018', 'N'),
	  (114, 34970322, 303457, 5000.000, '02-05-2018', 'N'),
	  (115, 34970322, 303457, 5000.000, '02-06-2018', 'N'),
	  (116, 34970322, 303457, 5000.000, '02-06-2018', 'N'),
	  (117, 34970322, 303457, 5000.000, '02-06-2018', 'N'),
	  (118, 34970322, 303457, 5000.000, '02-06-2018', 'N'),
	  (119, 34970322, 303457, 5000.000, '02-06-2018', 'N'),
	  (120, 34970322, 303457, 5000.000, '02-06-2018', 'N')
go
/*
insert into cuotas(id_cuota, dni_cliente, id_plan, importe, fecha_vencimiento, pagó)
values(110, 33870475, 303457, 4000.000, '02-06-2018', 'N'),
	  (111, 33870475, 303457, 4000.000, '02-02-2018', 'N'),
	  (112, 33870475, 303457, 4000.000, '02-03-2018', 'N'),
	  (113, 33870475, 303457, 4000.000, '02-04-2018', 'N'),
	  (114, 33870475, 303457, 4000.000, '02-05-2018', 'N'),
	  (115, 33870475, 303457, 4000.000, '02-06-2018', 'N'),
	  (116, 33870475, 303457, 4000.000, '02-06-2018', 'N'),
	  (117, 33870475, 303457, 4000.000, '02-06-2018', 'N'),
	  (118, 33870475, 303457, 4000.000, '02-06-2018', 'N'),
	  (119, 33870475, 303457, 4000.000, '02-06-2018', 'N'),
	  (120, 33870475, 303457, 4000.000, '02-06-2018', 'N')
go*/
/*
insert into cuotas(id_cuota, dni_cliente, id_plan, importe, fecha_vencimiento, pagó)
values(110, 30895845, 303458, 5000.000, '02-06-2018', 'N'),
	  (111, 30895845, 303458, 5000.000, '02-02-2018', 'N'),
	  (112, 30895845, 303458, 5000.000, '02-03-2018', 'N'),
	  (113, 30895845, 303458, 5000.000, '02-04-2018', 'N'),
	  (114, 30895845, 303458, 5000.000, '02-05-2018', 'N'),
	  (115, 30895845, 303458, 5000.000, '02-06-2018', 'N'),
	  (116, 30895845, 303458, 5000.000, '02-06-2018', 'N'),
	  (117, 30895845, 303458, 5000.000, '02-06-2018', 'N'),
	  (118, 30895845, 303458, 5000.000, '02-06-2018', 'N'),
	  (119, 30895845, 303458, 5000.000, '02-06-2018', 'N'),
	  (120, 30895845, 303458, 5000.000, '02-06-2018', 'N')
go*/
/*
insert into cuotas(id_cuota, dni_cliente, id_plan, importe, fecha_vencimiento, pagó)
values(110, 21005836, 303456, 3000.00, '02-06-2018', 'N'),
	  (111, 21005836, 303456, 3000.00, '02-02-2018', 'N'),
	  (112, 21005836, 303456, 3000.00, '02-03-2018', 'N'),
	  (113, 21005836, 303456, 3000.00, '02-04-2018', 'N'),
	  (114, 21005836, 303456, 3000.00, '02-05-2018', 'N'),
	  (115, 21005836, 303456, 3000.00, '02-06-2018', 'N'),
	  (116, 21005836, 303456, 3000.00, '02-06-2018', 'N'),
	  (117, 21005836, 303456, 3000.00, '02-06-2018', 'N'),
	  (118, 21005836, 303456, 3000.00, '02-06-2018', 'N'),
	  (119, 21005836, 303456, 3000.00, '02-06-2018', 'N'),
	  (120, 21005836, 303456, 3000.00, '02-06-2018', 'N')
go*/
/*
insert into cuotas(id_cuota, dni_cliente, id_plan, importe, fecha_vencimiento, pagó)
values(110, 29930123, 303458, 5000.00, '02-06-2018', 'N'),
	  (111, 29930123, 303458, 5000.00, '02-02-2018', 'N'),
	  (112, 29930123, 303458, 5000.00, '02-03-2018', 'N'),
	  (113, 29930123, 303458, 5000.00, '02-04-2018', 'N'),
	  (114, 29930123, 303458, 5000.00, '02-05-2018', 'N'),
	  (115, 29930123, 303458, 5000.00, '02-06-2018', 'N'),
	  (116, 29930123, 303458, 5000.00, '02-06-2018', 'N'),
	  (117, 29930123, 303458, 5000.00, '02-06-2018', 'N'),
	  (118, 29930123, 303458, 5000.00, '02-06-2018', 'N'),
	  (119, 29930123, 303458, 5000.00, '02-06-2018', 'N'),
	  (120, 29930123, 303458, 5000.00, '02-06-2018', 'N')
go*/
/*
insert into cuotas(id_cuota, dni_cliente, id_plan, importe, fecha_vencimiento, pagó)
values(110, 32998142, 303457, 5000.000, '02-06-2018', 'N'),
	  (111, 32998142, 303457, 5000.000, '02-02-2018', 'N'),
	  (112, 32998142, 303457, 5000.000, '02-03-2018', 'N'),
	  (113, 32998142, 303457, 5000.000, '02-04-2018', 'N'),
	  (114, 32998142, 303457, 5000.000, '02-05-2018', 'N'),
	  (115, 32998142, 303457, 5000.000, '02-06-2018', 'N'),
	  (116, 32998142, 303457, 5000.000, '02-06-2018', 'N'),
	  (117, 32998142, 303457, 5000.000, '02-06-2018', 'N'),
	  (118, 32998142, 303457, 5000.000, '02-06-2018', 'N'),
	  (119, 32998142, 303457, 5000.000, '02-06-2018', 'N'),
	  (120, 32998142, 303457, 5000.000, '02-06-2018', 'N')
go*/
/*
insert into cuotas(id_cuota, dni_cliente, id_plan, importe, fecha_vencimiento, pagó)
values(110, 28421744, 303455, 5000.000, '02-06-2018', 'N'),
	  (111, 28421744, 303455, 5000.000, '02-02-2018', 'N'),
	  (112, 28421744, 303455, 5000.000, '02-03-2018', 'N'),
	  (113, 28421744, 303455, 5000.000, '02-04-2018', 'N'),
	  (114, 28421744, 303455, 5000.000, '02-05-2018', 'N'),
	  (115, 28421744, 303455, 5000.000, '02-06-2018', 'N'),
	  (116, 28421744, 303455, 5000.000, '02-06-2018', 'N'),
	  (117, 28421744, 303455, 5000.000, '02-06-2018', 'N'),
	  (118, 28421744, 303455, 5000.000, '02-06-2018', 'N'),
	  (119, 28421744, 303455, 5000.000, '02-06-2018', 'N'),
	  (120, 28421744, 303455, 5000.000, '02-06-2018', 'N')
go


;
GO*/


use ROSSO

insert into nacionalidades(cod_nacionalidad, nom_nacionalidad)
values  ('GER', 'Alemana'),
		('ITA', 'Italiana'),
		('FRA', 'Francesa'),
		('USA', 'Americana'),
		('JAP', 'Japonesa')
go

insert into provincias(cod_provincia, nombre_provincia)
values('BA', 'Buenos Aires'),
	  ('CA', 'Catamarca'),
	  ('CH', 'Chaco'),
	  ('CT', 'Chubut'),
	  ('CB', 'Cordoba'),
	  ('CR', 'Corrientes'),
	  ('ER', 'Entre Rios'),
	  ('FO', 'Formosa'),
	  ('JY', 'Jujuy'),
	  ('LP', 'La Pampa'),
	  ('LR', 'La Rioja'),
	  ('MZ', 'Mendoza'),
	  ('MI', 'Misiones'),
	  ('NQ', 'Neuquen'),
	  ('RN', 'Rio Negro'),
	  ('SA', 'Salta '),
	  ('SJ', 'San Juan'),
	  ('SL', 'San Luis'),
	  ('SC', 'Santa Cruz'),
	  ('SF', 'Santa Fe'),
	  ('SE', 'Santiago del Estero'),
	  ('TF', 'Tierra del Fuego'),
	  ('TU', 'Tucuman')
go

insert into localidades(id_localidad, nombre_localidad, cod_provincia)
values(1, 'Rio Cuarto', 'CB'),
	  (2, 'Cordoba Capital', 'CB'),
	  (3, 'San Miguel', 'TU'),
	  (4, 'Jesus Maria', 'CB'),
	  (5, 'Oncativo', 'CB')
go

insert into marcas (id_marca, nombre_marca, cod_nacionalidad)
values  (1, 'Audi', 'GER'),
		(2, 'BMW', 'GER'),
		(3, 'Chevrolet', 'USA'),
		(4, 'Mazda', 'JAP'),
	--	(5, 'Mercedes Benz', 'GER' ),
	--	(6, 'Mitsubishi', 'JAP'),
		(7, 'Nissan', 'JAP'),
		(8, 'Peugeot', 'FRA'),
	--	(9, 'Chrysler/Jeep/Dodge', 'USA'),
	--	(10, 'Citroen', 'FRA'),
	--	(11, 'Fiat', 'ITA'),
		(12, 'Ford', 'USA'),
		(13, 'Volkswagen', 'GER')
go

insert into modelos (id_marca, id_modelo, nombre_modelo)
values  (1, 1, 'A1'),
		(1, 2, 'A3'),
		(1, 3, 'A4'),
		(1, 4, 'Q5'),
	/*	(2, 1, '118i'),
		(2, 2, '320D'),
		(2, 3, '325i'),
		(2, 4, '335i'),
		(2, 5, 'X1D'),
	*/	(3, 1, 'Agile'),
		(3, 2, 'Astra'),
		(3, 3, 'Aveo'),
		(3, 4, 'Captiva'),
		(3, 5, 'Celta'),
		(3, 6, 'Cobalt'),
		(3, 7, 'Corsa'),
		(3 ,8, 'Corsa II'),
		(3, 9, 'Corsa Wagon'),
		(3, 10, 'Cruze'),
		(3, 11, 'Meriva'),
		(3, 12, 'Montana'),
		(3, 13, 'Onix'),
		(3, 14, 'Prisma'),
		(3, 15, 'S10'),
		(3, 16, 'Sonic'),
		(3, 17, 'Spin'),
		(3, 18, 'Tracker'),
		(3, 19, 'Vectra'),
		(3, 20, 'Zafira'),
	/*	(4, 1, 'B2500'),
		(4, 2, 'C200'),
		(5, 1, 'Sprinter'),
		(6, 1, 'L200'),
		(7, 1, 'Frontier'),
		(7, 2, 'March'),
		(7, 3, 'Murano'),
		(7, 4, 'Note'),
		(7, 5, 'NP300'),
		(7, 6, 'Sentra'),
		(7, 7, 'Tiida'),
		(7, 8, 'Versa'),
		(7, 9, 'X-Terra'),
		(7, 10, 'X-Trail'),
		(8, 1 ,'2008'),
		(8, 2, '206'),
		(8, 3, '207'),
		(8, 4, '208'),
		(8, 5, '3008'),
		(8, 6, '307'),
		(8, 7, '308'),
		(8, 8, '408'),
		(8, 9, '508'),
		(9, 1, 'Caravan'),
		(9, 2, 'Compass'),
		(9, 3, 'Gran Cherokee'),
		(9, 4, 'Grand Cherokee Overland'),
		(9, 5, 'Journey'),
		(9, 6, 'Limited'),
		(9, 7, 'Ram'),
		(9, 8, 'Renegade'),
		(10, 1, 'Berlingo'),
		(10, 2, 'C3'),
		(10, 3, 'C3 Aircross'),
		(10, 4, 'C3 Picasso'),
		(10, 5, 'C4'),
		(10, 6, 'DS3'),
		(10, 7, 'S4'),
		(10, 8, 'Xara Picasso'),
		(11, 1, 'Idea'),
		(11, 2, 'Toro'),
		(11, 3, 'Punto'),
		(11, 4, 'Ducato'),
		(11, 5, 'Fiorino'),
		(11, 6, 'Palio'),
		(11, 7, 'Grand Siena'),
		(11, 8, 'Strada'),
	*/	(12, 1, 'Fiesta'),
		(12, 2, 'Focus'),
		(12, 3, 'Ecosport'),
		(12, 4, 'Ka'),
		(12, 5, 'Ranger'),
		(12, 6, 'Mondeo'),
		(12, 7, 'Transit')
go

insert into versiones(id_version, descripcion)
values (1, 'Attractive 1.4'),
	   (2, 'Adventure 1.6'),
	   (3, 'Freedom 4x2 MT'),
	   (4, 'Freedom 4WD MT'),
	   (5, 'Volcano 4WD AT'),
	   (6, 'Essence 1.6'),
	   (7, 'Blackmotion 1.6'),
	   (8, 'Furgón corto 2.3 Techo Normal'),
	   (9, 'Furgón corto 2.3 Techo Normal'),
	   (10, 'Furgón medio 2.3 Techo Normal'),
	   (11, 'Combinato 2.3'),
	   (12, 'Furgon Maxicargo 2.3 Techo Elevado'),
	   (13, '1.4'),
	   (14, 'Adventure 1.6 Cabina Extendida'),
	   (15, 'Trekking 1.3 Multijet Cabina Doble'),
	   (16, 'Working 1.4 Cabina Simple'),
	   (17, 'Working 1.4 Cabina Doble')
go

insert into modelos_versiones (id_marca, id_modelo, id_version)
values(1, 1, 1), -- = Audi
	  (1, 2, 1), -- Verificar versiones (puse todo 1).
	  (1, 3, 1),
	  (1, 4, 1),
	  (3, 1, 1), -- = Chevrolet
	  (3, 5, 1),
	  (3, 10, 1),
	  (3, 20, 1),
	  (12, 1, 1),
	  (12, 2, 1),
	  (12, 5, 1),
	  (12, 7, 1)
	  /*(11, 1, 1), -- 11=Fiat
	  (11, 1, 2),
	  (11, 2, 3),
	  (11, 2, 4),
	  (11, 2, 5),
	  (11, 3, 1),
	  (11, 3, 6),
	  (11, 3, 7),
	  (11, 4, 8),
	  (11, 4, 9),
	  (11, 4, 10),
	  (11, 4, 11),
	  (11, 4, 12),
	  (11, 5, 13),
	  (11, 6, 1),
	  (11, 6, 6),
	  (11, 7, 1),
	  (11, 7, 6)*/
go

insert into colores(id_color, nom_color)
values(1, 'NEGRO'),
	  (2, 'BLANCO'),
	  (3, 'ROJO'),
	  (4, 'AZUL'),
	  (5, 'GRIS PLATA'),
	  (6, 'VERDE'),
	  (7, 'GRIS ACERO'),
	  (8, 'GRIS PETROLEO'),
	  (9, 'AMARILLO')
go

insert into tipos_vehiculos(id_tipo_vehiculo, nombre_tipo_vehiculo)
values(1, 'PARTICULAR'),
	  (2, 'UTILITARIO'),
	  (3, 'COMERCIAL'),
	  (4, 'TRANSPORTE DE PASAJEROS'),
	  (5, 'TRANSPORTE ESCOLAR'),
	  (6, 'CAMION')
go


insert into sucursales(id_sucursal, cod_provincia, id_localidad, nom_sucursal)
values (1, 'CB', 1, 'Sucursal Rio IV'),
	   (2, 'CB', 2, 'Centro'),
	   (3, 'CB', 5, 'Oncativo'),
	   (4, 'CB', 4, 'Jesus Maria')
go


insert into clientes(dni_cliente, apellido_nombre, edad, domicilio, email, cod_provincia, id_localidad, telefono)
values(30784956, 'Juan Carlos Cabrera', 55, 'Luis Reinaudi 861', 'email@testing.com', 'CB', 1, '3516574044'),
	  (29875485, 'Roberto Bolanios', 55, 'Dean Funes 687', 'email@testing.com', 'CB', 2, '3516789523'),
	  (28541965, 'Pepe Mujica', 55, 'Mitre 321', 'email@testing.com', 'CB', 2, '3517849251'),
	  (26548751, 'Esteban Quito', 55, 'Av Siempre viva 123', 'email@testing.com', 'CB', 4, '3512879456'),
	  (35245784, 'Alberto Spin', 55, 'San Martin 333', 'email@testing.com', 'CB', 2, '3518749562'),
	  (33658745, 'Carlos Solari', 55, 'Buenos aires 231', 'email@testing.com', 'CB', 4, '3512478451'),
	  (31254785, 'Esteban Vai', 55, 'Av Brasil 111', 'email@testing.com', 'CB', 2, '3512457849'),
	  (28548756, 'Eusebio Contreras', 55, 'Arturo M bas 987', 'email@testing.com', 'CB', 2, '3516478245'),
	  (26548754, 'Enrique Segoviano', 55, 'Buenos aires 123', 'email@testing.com', 'CB', 1, '3512457895'),
	  (28457854, 'Esteban Quito', 55, '9 de julio 900', 'email@testing.com', 'CB', 4, '3516524895'),
	  (32998142, 'juan satriani', 55, '9 de julio 1200', 'email@testing.com', 'CB', 4, '3516487598')
go

insert into vehiculos (nro_chasis, id_marca, id_modelo, id_version, id_color, id_tipo_vehiculo, precio, año_fabricacion, id_sucursal, nro_patente)
values(1234, 1, 4, 1, 1, 1, 250000.000, 2018, 1, NULL),
	  (1235, 3, 5, 1, 2, 1, 276000.000, 2017, 2, NULL),
	  (1236, 3, 20, 1, 3, 1, 500000.000, 2018, 3, NULL),
	  (1237, 12, 2, 1, 3, 1, 550000.000, 2018, 3, NULL)
go



insert into planes (id_plan, nom_plan, descripcion, cant_cuotas, entrega_pactada, financiacion, dueño_plan)
values(303455, 'Plan Ahorro', 'Plan Ahorro', 36, '5ta cuota', '36cuotas s/interes', 'CON'), 
	  (303456, 'Plan Nacional Chevrolet','Plan Nacional Chevrolet', 60, '5ta cuota', '84 cuotas 0% interes', 'GOB'),
	  (303457, 'Plan 100% financiado', 'Plan 100% financiado', 80, '10ma cuota','84 cuotas 0% interes', 'GOB'),
	  (303458, 'Plan 70/30 cuota reducida', 'Plan 70/30 cuota reducida', 90, '3ra cuota', '84 cuotas 0% interes', 'GOB')
go


insert into adquiridos(id_plan, dni_cliente, cancelado, ganador_sorteo, fecha_sorteado, fecha_entrega, nro_chasis, sucursal_suscripcion, fecha_compra_plan)
values(303455, 30784956, 'N', 'N', null, null, null, 1, '05-02-2016'),
	  (303456, 29875485, 'N', 'N', null, null, null, 3, '05-05-2015'),
	  (303458, 28541965, 'N', 'N', null, null, null, 2, '05-02-2017'),
	  (303455, 26548751, 'N', 'N', null, null, null, 1, '02-13-2015'),
	  (303456, 35245784, 'N', 'N', null, null, null, 1, '03-28-2015'),
	  (303457, 33658745, 'N', 'N', null, null, null, 1, '03-28-2016'),
	  (303457, 31254785, 'N', 'N', null, null, null, 1, '05-15-2017'),
	  (303458, 28548756, 'N', 'N', null, null, null, 1, '07-20-2018'),
	  (303456, 26548754, 'N', 'N', null, null, null, 1, '03-12-2016'),
	  (303458, 28457854, 'N', 'N', null, null, null, 1, '05-05-2017'),
	  (303457, 32998142, 'N', 'N', null, null, null, 1, '05-05-2018')
go


insert into cuotas(id_cuota, dni_cliente, id_plan, importe, fecha_vencimiento, pagó)
values(110, 32998142, 303457, 5000.00, '06-15-2017', 'S'),
	  (111, 32998142, 303457, 5000.00, '07-15-2017', 'S'),
	  (112, 32998142, 303457, 5000.00, '08-15-2017', 'S'),
	  (113, 32998142, 303457, 5000.00, '09-15-2017', 'S'),
	  (114, 32998142, 303457, 5000.00, '10-15-2017', 'S'),
	  (115, 32998142, 303457, 5000.00, '11-15-2017', 'S')
go


insert into cuotas(id_cuota, dni_cliente, id_plan, importe, fecha_vencimiento, pagó)
values(110, 28457854, 303458, 5000.00, '06-15-2017', 'S'),
	  (111, 28457854, 303458, 5000.00, '07-15-2017', 'S'),
	  (112, 28457854, 303458, 5000.00, '08-15-2017', 'S'),
	  (113, 28457854, 303458, 5000.00, '09-15-2017', 'S'),
	  (114, 28457854, 303458, 5000.00, '10-15-2017', 'S'),
	  (115, 28457854, 303458, 5000.00, '11-15-2017', 'S')
go

insert into cuotas(id_cuota, dni_cliente, id_plan, importe, fecha_vencimiento, pagó)
values(110, 26548754, 303456, 5000.00, '06-15-2017', 'S'),
	  (111, 26548754, 303456, 5000.00, '07-15-2017', 'S'),
	  (112, 26548754, 303456, 5000.00, '08-15-2017', 'S'),
	  (113, 26548754, 303456, 5000.00, '09-15-2017', 'S'),
	  (114, 26548754, 303456, 5000.00, '10-15-2017', 'S'),
	  (115, 26548754, 303456, 5000.00, '11-15-2017', 'S')
go

insert into cuotas(id_cuota, dni_cliente, id_plan, importe, fecha_vencimiento, pagó)
values(110, 30784956, 303455, 5000.00, '06-15-2017', 'S'),
	  (111, 30784956, 303455, 5000.00, '07-15-2017', 'S'),
	  (112, 30784956, 303455, 5000.00, '08-15-2017', 'S'),
	  (113, 30784956, 303455, 5000.00, '09-15-2017', 'S'),
	  (114, 30784956, 303455, 5000.00, '10-15-2017', 'S'),
	  (115, 30784956, 303455, 5000.00, '11-15-2017', 'S')
go

insert into cuotas(id_cuota, dni_cliente, id_plan, importe, fecha_vencimiento, pagó)
values(110, 26548751, 303455, 5000.00, '06-15-2017', 'S'),
	  (111, 26548751, 303455, 5000.00, '07-15-2017', 'S'),
	  (112, 26548751, 303455, 5000.00, '08-15-2017', 'S'),
	  (113, 26548751, 303455, 5000.00, '09-15-2017', 'S'),
	  (114, 26548751, 303455, 5000.00, '10-15-2017', 'S'),
	  (115, 26548751, 303455, 5000.00, '11-15-2017', 'S')
go


insert into cuotas(id_cuota, dni_cliente, id_plan, importe, fecha_vencimiento, pagó)
values(110, 28548756, 303458, 5000.00, '06-15-2017', 'S'),
	  (111, 28548756, 303458, 5000.00, '07-15-2017', 'S'),
	  (112, 28548756, 303458, 5000.00, '08-15-2017', 'S'),
	  (113, 28548756, 303458, 5000.00, '09-15-2017', 'S'),
	  (114, 28548756, 303458, 5000.00, '10-15-2017', 'S'),
	  (115, 28548756, 303458, 5000.00, '11-15-2017', 'S')
go


insert into cuotas(id_cuota, dni_cliente, id_plan, importe, fecha_vencimiento, pagó)
values(110, 31254785, 303457, 5000.00, '06-15-2017', 'S'),
	  (111, 31254785, 303457, 5000.00, '07-15-2017', 'S'),
	  (112, 31254785, 303457, 5000.00, '08-15-2017', 'S'),
	  (113, 31254785, 303457, 5000.00, '09-15-2017', 'S'),
	  (114, 31254785, 303457, 5000.00, '10-15-2017', 'S'),
	  (115, 31254785, 303457, 5000.00, '11-15-2017', 'S'),
	  (116, 31254785, 303457, 5000.00, '12-15-2017', 'S'),
	  (117, 31254785, 303457, 5000.00, '01-15-2017', 'S'),
	  (118, 31254785, 303457, 5000.00, '02-15-2017', 'S'),
	  (119, 31254785, 303457, 5000.00, '03-15-2018', 'S'),
	  (120, 31254785, 303457, 5000.00, '04-15-2018', 'S'),
	  (121, 31254785, 303457, 5000.00, '05-15-2018', 'S'),
	  (122, 31254785, 303457, 5000.00, '06-15-2018', 'S'),
	  (123, 31254785, 303457, 5000.00, '07-15-2018', 'S'),
	  (124, 31254785, 303457, 5000.00, '08-15-2018', 'S'),
	  (125, 31254785, 303457, 5000.00, '09-15-2018', 'S'),
	  (126, 31254785, 303457, 5000.00, '10-15-2018', 'S'),
	  (127, 31254785, 303457, 5000.00, '11-15-2018', 'S'),
	  (128, 31254785, 303457, 5000.00, '12-15-2018', 'S'),
	  (129, 31254785, 303457, 5000.00, '01-15-2018', 'S'),
	  (130, 31254785, 303457, 5000.00, '02-15-2018', 'S'),
	  (131, 31254785, 303457, 5000.00, '03-15-2019', 'S'),
	  (132, 31254785, 303457, 5000.00, '04-15-2019', 'S'),
	  (133, 31254785, 303457, 5000.00, '05-15-2019', 'S'),
	  (134, 31254785, 303457, 5000.00, '06-15-2019', 'S'),
	  (135, 31254785, 303457, 5000.00, '07-15-2019', 'S'),
	  (136, 31254785, 303457, 5000.00, '08-15-2019', 'S'),
	  (137, 31254785, 303457, 5000.00, '09-15-2019', 'S'),
	  (138, 31254785, 303457, 5000.00, '10-15-2019', 'S'),
	  (139, 31254785, 303457, 5000.00, '11-15-2019', 'S'),
	  (140, 31254785, 303457, 5000.00, '12-15-2019', 'S'),
	  (141, 31254785, 303457, 5000.00, '01-15-2019', 'S'),
	  (142, 31254785, 303457, 5000.00, '02-15-2019', 'N'),
	  (143, 31254785, 303457, 5000.00, '03-15-2020', 'N'),
	  (144, 31254785, 303457, 5000.00, '04-15-2020', 'N'),
	  (145, 31254785, 303457, 5000.00, '05-15-2020', 'N'),
	  (146, 31254785, 303457, 5000.00, '06-15-2020', 'N'),
	  (147, 31254785, 303457, 5000.00, '07-15-2020', 'N'),
	  (148, 31254785, 303457, 5000.00, '08-15-2020', 'N'),
	  (149, 31254785, 303457, 5000.00, '09-15-2020', 'N'),
	  (150, 31254785, 303457, 5000.00, '10-15-2020', 'N'),
	  (151, 31254785, 303457, 5000.00, '11-15-2020', 'N'),
	  (152, 31254785, 303457, 5000.00, '12-15-2020', 'N'),
	  (153, 31254785, 303457, 5000.00, '01-15-2021', 'N'),
	  (154, 31254785, 303457, 5000.00, '02-15-2021', 'N'),
	  (155, 31254785, 303457, 5000.00, '03-15-2021', 'N'),
	  (157, 31254785, 303457, 5000.00, '04-15-2021', 'N'),
	  (158, 31254785, 303457, 5000.00, '05-15-2021', 'N'),
	  (159, 31254785, 303457, 5000.00, '06-15-2021', 'N'),
	  (160, 31254785, 303457, 5000.00, '07-15-2021', 'N'),
	  (156, 31254785, 303457, 5000.00, '08-15-2021', 'N')
go

insert into cuotas(id_cuota, dni_cliente, id_plan, importe, fecha_vencimiento, pagó)
values(110, 33658745, 303457, 5000.00, '04-28-2016', 'S'),
	  (111, 33658745, 303457, 5000.00, '05-28-2016', 'S'),
	  (112, 33658745, 303457, 5000.00, '06-28-2016', 'S'),
	  (113, 33658745, 303457, 5000.00, '07-28-2016', 'S'),
	  (114, 33658745, 303457, 5000.00, '08-28-2016', 'S'),
	  (115, 33658745, 303457, 5000.00, '09-28-2016', 'S'),
	  (116, 33658745, 303457, 5000.00, '10-28-2016', 'S'),
	  (117, 33658745, 303457, 5000.00, '11-28-2016', 'S'),
	  (118, 33658745, 303457, 5000.00, '12-28-2016', 'S'),
	  (119, 33658745, 303457, 5000.00, '01-28-2017', 'S'),
	  (120, 33658745, 303457, 5000.00, '02-28-2017', 'S'),
	  (121, 33658745, 303457, 5000.00, '03-28-2017', 'S'),
	  (122, 33658745, 303457, 5000.00, '04-28-2017', 'S'),
	  (123, 33658745, 303457, 5000.00, '05-28-2017', 'S'),
	  (124, 33658745, 303457, 5000.00, '06-28-2017', 'S'),
	  (125, 33658745, 303457, 5000.00, '07-28-2017', 'S'),
	  (126, 33658745, 303457, 5000.00, '08-28-2017', 'S'),
	  (127, 33658745, 303457, 5000.00, '09-28-2017', 'S'),
	  (128, 33658745, 303457, 5000.00, '10-28-2017', 'S'),
	  (129, 33658745, 303457, 5000.00, '11-28-2017', 'S'),
	  (130, 33658745, 303457, 5000.00, '12-28-2017', 'S'),
	  (131, 33658745, 303457, 5000.00, '01-28-2018', 'S'),
	  (132, 33658745, 303457, 5000.00, '02-28-2018', 'S'),
	  (133, 33658745, 303457, 5000.00, '03-28-2018', 'S'),
	  (134, 33658745, 303457, 5000.00, '04-28-2018', 'S'),
	  (135, 33658745, 303457, 5000.00, '05-28-2018', 'S'),
	  (136, 33658745, 303457, 5000.00, '06-28-2018', 'S'),
	  (137, 33658745, 303457, 5000.00, '07-28-2018', 'S'),
	  (138, 33658745, 303457, 5000.00, '08-28-2018', 'S'),
	  (139, 33658745, 303457, 5000.00, '09-28-2018', 'S'),
	  (140, 33658745, 303457, 5000.00, '10-28-2018', 'S'),
	  (141, 33658745, 303457, 5000.00, '11-28-2018', 'S'),
	  (142, 33658745, 303457, 5000.00, '12-28-2018', 'N'),
	  (143, 33658745, 303457, 5000.00, '01-28-2019', 'N'),
	  (144, 33658745, 303457, 5000.00, '02-28-2019', 'N'),
	  (145, 33658745, 303457, 5000.00, '03-28-2019', 'N'),
	  (146, 33658745, 303457, 5000.00, '04-28-2019', 'N'),
	  (147, 33658745, 303457, 5000.00, '05-28-2019', 'N'),
	  (148, 33658745, 303457, 5000.00, '06-28-2019', 'N'),
	  (149, 33658745, 303457, 5000.00, '07-28-2019', 'N'),
	  (150, 33658745, 303457, 5000.00, '08-28-2019', 'N'),
	  (151, 33658745, 303457, 5000.00, '09-28-2019', 'N'),
	  (152, 33658745, 303457, 5000.00, '10-28-2019', 'N'),
	  (153, 33658745, 303457, 5000.00, '11-28-2019', 'N'),
	  (154, 33658745, 303457, 5000.00, '12-28-2019', 'N'),
	  (155, 33658745, 303457, 5000.00, '01-28-2020', 'N'),
	  (157, 33658745, 303457, 5000.00, '02-28-2020', 'N'),
	  (158, 33658745, 303457, 5000.00, '03-28-2020', 'N'),
	  (159, 33658745, 303457, 5000.00, '04-28-2020', 'N'),
	  (160, 33658745, 303457, 5000.00, '05-28-2020', 'N'),
	  (156, 33658745, 303457, 5000.00, '06-28-2020', 'N')
go

insert into cuotas(id_cuota, dni_cliente, id_plan, importe, fecha_vencimiento, pagó)
values(110, 35245784, 303456, 5000.00, '04-28-2015', 'S'),
	  (111, 35245784, 303456, 5000.00, '05-28-2015', 'S'),
	  (112, 35245784, 303456, 5000.00, '06-28-2015', 'S'),
	  (113, 35245784, 303456, 5000.00, '07-28-2015', 'S'),
	  (114, 35245784, 303456, 5000.00, '08-28-2015', 'S'),
	  (115, 35245784, 303456, 5000.00, '09-28-2015', 'S'),
	  (116, 35245784, 303456, 5000.00, '10-28-2015', 'S'),
	  (117, 35245784, 303456, 5000.00, '11-28-2015', 'S'),
	  (118, 35245784, 303456, 5000.00, '12-28-2015', 'S'),
	  (119, 35245784, 303456, 5000.00, '01-28-2016', 'S'),
	  (120, 35245784, 303456, 5000.00, '02-28-2016', 'S'),
	  (121, 35245784, 303456, 5000.00, '03-28-2016', 'S'),
	  (122, 35245784, 303456, 5000.00, '04-28-2016', 'S'),
	  (123, 35245784, 303456, 5000.00, '05-28-2016', 'S'),
	  (124, 35245784, 303456, 5000.00, '06-28-2016', 'S'),
	  (125, 35245784, 303456, 5000.00, '07-28-2016', 'S'),
	  (126, 35245784, 303456, 5000.00, '08-28-2016', 'S'),
	  (127, 35245784, 303456, 5000.00, '09-28-2016', 'S'),
	  (128, 35245784, 303456, 5000.00, '10-28-2016', 'S'),
	  (129, 35245784, 303456, 5000.00, '11-28-2016', 'S'),
	  (130, 35245784, 303456, 5000.00, '12-28-2016', 'S'),
	  (131, 35245784, 303456, 5000.00, '01-28-2017', 'S'),
	  (132, 35245784, 303456, 5000.00, '02-28-2017', 'S'),
	  (133, 35245784, 303456, 5000.00, '03-28-2017', 'S'),
	  (134, 35245784, 303456, 5000.00, '04-28-2017', 'N'),
	  (135, 35245784, 303456, 5000.00, '05-28-2017', 'N'),
	  (136, 35245784, 303456, 5000.00, '06-28-2017', 'N'),
	  (137, 35245784, 303456, 5000.00, '07-28-2017', 'N'),
	  (138, 35245784, 303456, 5000.00, '08-28-2017', 'N'),
	  (139, 35245784, 303456, 5000.00, '09-28-2017', 'N'),
	  (140, 35245784, 303456, 5000.00, '10-28-2017', 'N'),
	  (141, 35245784, 303456, 5000.00, '11-28-2017', 'N'),
	  (142, 35245784, 303456, 5000.00, '12-28-2017', 'N'),
	  (143, 35245784, 303456, 5000.00, '01-28-2018', 'N'),
	  (144, 35245784, 303456, 5000.00, '02-28-2018', 'N'),
	  (145, 35245784, 303456, 5000.00, '03-28-2018', 'N'),
	  (146, 35245784, 303456, 5000.00, '04-28-2018', 'N'),
	  (147, 35245784, 303456, 5000.00, '05-28-2018', 'N'),
	  (148, 35245784, 303456, 5000.00, '06-28-2018', 'N'),
	  (149, 35245784, 303456, 5000.00, '07-28-2018', 'N'),
	  (150, 35245784, 303456, 5000.00, '08-28-2018', 'N'),
	  (151, 35245784, 303456, 5000.00, '09-28-2018', 'N'),
	  (152, 35245784, 303456, 5000.00, '10-28-2018', 'N'),
	  (153, 35245784, 303456, 5000.00, '11-28-2018', 'N'),
	  (154, 35245784, 303456, 5000.00, '12-28-2018', 'N'),
	  (155, 35245784, 303456, 5000.00, '01-28-2019', 'N'),
	  (157, 35245784, 303456, 5000.00, '02-28-2019', 'N'),
	  (158, 35245784, 303456, 5000.00, '03-28-2019', 'N'),
	  (159, 35245784, 303456, 5000.00, '04-28-2019', 'N'),
	  (160, 35245784, 303456, 5000.00, '05-28-2019', 'N'),
	  (156, 35245784, 303456, 5000.00, '06-28-2019', 'N')
go

insert into cuotas(id_cuota, dni_cliente, id_plan, importe, fecha_vencimiento, pagó)
values(110, 28541965, 303458, 5000.00, '06-02-2017', 'S'),
	  (111, 28541965, 303458, 5000.00, '07-02-2017', 'S'),
	  (112, 28541965, 303458, 5000.00, '08-02-2017', 'S'),
	  (113, 28541965, 303458, 5000.00, '09-02-2017', 'S'),
	  (114, 28541965, 303458, 5000.00, '10-02-2017', 'S'),
	  (115, 28541965, 303458, 5000.00, '11-02-2017', 'S'),
	  (116, 28541965, 303458, 5000.00, '12-02-2017', 'S'),
	  (117, 28541965, 303458, 5000.00, '01-02-2018', 'S'),
	  (118, 28541965, 303458, 5000.00, '02-02-2018', 'S'),
	  (119, 28541965, 303458, 5000.00, '03-02-2018', 'S'),
	  (120, 28541965, 303458, 5000.00, '04-02-2018', 'S'),
	  (121, 28541965, 303458, 5000.00, '05-02-2018', 'S'),
	  (122, 28541965, 303458, 5000.00, '06-02-2018', 'S'),
	  (123, 28541965, 303458, 5000.00, '07-02-2018', 'S'),
	  (124, 28541965, 303458, 5000.00, '08-02-2018', 'S'),
	  (125, 28541965, 303458, 5000.00, '09-02-2018', 'S'),
	  (126, 28541965, 303458, 5000.00, '10-02-2018', 'S'),
	  (127, 28541965, 303458, 5000.00, '11-02-2018', 'S'),
	  (128, 28541965, 303458, 5000.00, '12-02-2018', 'S'),
	  (129, 28541965, 303458, 5000.00, '01-02-2019', 'S'),
	  (130, 28541965, 303458, 5000.00, '02-02-2019', 'S'),
	  (131, 28541965, 303458, 5000.00, '03-02-2019', 'S'),
	  (132, 28541965, 303458, 5000.00, '04-02-2019', 'S'),
	  (133, 28541965, 303458, 5000.00, '05-02-2019', 'S'),
	  (134, 28541965, 303458, 5000.00, '06-02-2019', 'N'),
	  (135, 28541965, 303458, 5000.00, '07-02-2019', 'N'),
	  (136, 28541965, 303458, 5000.00, '08-02-2019', 'N'),
	  (137, 28541965, 303458, 5000.00, '09-02-2019', 'N'),
	  (138, 28541965, 303458, 5000.00, '10-02-2019', 'N'),
	  (139, 28541965, 303458, 5000.00, '11-02-2019', 'N'),
	  (140, 28541965, 303458, 5000.00, '12-02-2019', 'N'),
	  (141, 28541965, 303458, 5000.00, '01-02-2020', 'N'),
	  (142, 28541965, 303458, 5000.00, '02-02-2020', 'N'),
	  (143, 28541965, 303458, 5000.00, '03-02-2020', 'N'),
	  (144, 28541965, 303458, 5000.00, '04-02-2020', 'N'),
	  (145, 28541965, 303458, 5000.00, '05-02-2020', 'N'),
	  (146, 28541965, 303458, 5000.00, '06-02-2020', 'N'),
	  (147, 28541965, 303458, 5000.00, '07-02-2020', 'N'),
	  (148, 28541965, 303458, 5000.00, '08-02-2020', 'N'),
	  (149, 28541965, 303458, 5000.00, '09-02-2020', 'N'),
	  (150, 28541965, 303458, 5000.00, '10-02-2020', 'N'),
	  (151, 28541965, 303458, 5000.00, '11-02-2020', 'N'),
	  (152, 28541965, 303458, 5000.00, '12-02-2020', 'N'),
	  (153, 28541965, 303458, 5000.00, '01-02-2021', 'N'),
	  (154, 28541965, 303458, 5000.00, '02-02-2021', 'N'),
	  (155, 28541965, 303458, 5000.00, '03-02-2021', 'N'),
	  (157, 28541965, 303458, 5000.00, '04-02-2021', 'N'),
	  (158, 28541965, 303458, 5000.00, '05-02-2021', 'N'),
	  (159, 28541965, 303458, 5000.00, '06-02-2021', 'N'),
	  (160, 28541965, 303458, 5000.00, '07-02-2021', 'N'),
	  (156, 28541965, 303458, 5000.00, '08-02-2021', 'N')
go

insert into cuotas(id_cuota, dni_cliente, id_plan, importe, fecha_vencimiento, pagó)
values(110, 29875485, 303456, 5000.00, '06-02-2015', 'S'),
	  (111, 29875485, 303456, 5000.00, '07-02-2015', 'S'),
	  (112, 29875485, 303456, 5000.00, '08-02-2015', 'S'),
	  (113, 29875485, 303456, 5000.00, '09-02-2015', 'S'),
	  (114, 29875485, 303456, 5000.00, '10-02-2015', 'S'),
	  (115, 29875485, 303456, 5000.00, '11-02-2015', 'S'),
	  (116, 29875485, 303456, 5000.00, '12-02-2015', 'S'),
	  (117, 29875485, 303456, 5000.00, '01-02-2016', 'S'),
	  (118, 29875485, 303456, 5000.00, '02-02-2016', 'S'),
	  (119, 29875485, 303456, 5000.00, '03-02-2016', 'S'),
	  (120, 29875485, 303456, 5000.00, '04-02-2016', 'S'),
	  (121, 29875485, 303456, 5000.00, '05-02-2016', 'S'),
	  (122, 29875485, 303456, 5000.00, '06-02-2016', 'S'),
	  (123, 29875485, 303456, 5000.00, '07-02-2016', 'S'),
	  (124, 29875485, 303456, 5000.00, '08-02-2016', 'S'),
	  (125, 29875485, 303456, 5000.00, '09-02-2016', 'S'),
	  (126, 29875485, 303456, 5000.00, '10-02-2016', 'S'),
	  (127, 29875485, 303456, 5000.00, '11-02-2016', 'S'),
	  (128, 29875485, 303456, 5000.00, '12-02-2016', 'S'),
	  (129, 29875485, 303456, 5000.00, '01-02-2017', 'S'),
	  (130, 29875485, 303456, 5000.00, '02-02-2017', 'S'),
	  (131, 29875485, 303456, 5000.00, '03-02-2017', 'S'),
	  (132, 29875485, 303456, 5000.00, '04-02-2017', 'S'),
	  (133, 29875485, 303456, 5000.00, '05-02-2017', 'S'),
	  (134, 29875485, 303456, 5000.00, '06-02-2017', 'N'),
	  (135, 29875485, 303456, 5000.00, '07-02-2017', 'N'),
	  (136, 29875485, 303456, 5000.00, '08-02-2017', 'N'),
	  (137, 29875485, 303456, 5000.00, '09-02-2017', 'N'),
	  (138, 29875485, 303456, 5000.00, '10-02-2017', 'N'),
	  (139, 29875485, 303456, 5000.00, '11-02-2017', 'N'),
	  (140, 29875485, 303456, 5000.00, '12-02-2017', 'N'),
	  (141, 29875485, 303456, 5000.00, '01-02-2018', 'N'),
	  (142, 29875485, 303456, 5000.00, '02-02-2018', 'N'),
	  (143, 29875485, 303456, 5000.00, '03-02-2018', 'N'),
	  (144, 29875485, 303456, 5000.00, '04-02-2018', 'N'),
	  (145, 29875485, 303456, 5000.00, '05-02-2018', 'N'),
	  (146, 29875485, 303456, 5000.00, '06-02-2018', 'N'),
	  (147, 29875485, 303456, 5000.00, '07-02-2018', 'N'),
	  (148, 29875485, 303456, 5000.00, '08-02-2018', 'N'),
	  (149, 29875485, 303456, 5000.00, '09-02-2018', 'N'),
	  (150, 29875485, 303456, 5000.00, '10-02-2018', 'N'),
	  (151, 29875485, 303456, 5000.00, '11-02-2018', 'N'),
	  (152, 29875485, 303456, 5000.00, '12-02-2018', 'N'),
	  (153, 29875485, 303456, 5000.00, '01-02-2019', 'N'),
	  (154, 29875485, 303456, 5000.00, '02-02-2019', 'N'),
	  (155, 29875485, 303456, 5000.00, '03-02-2019', 'N'),
	  (157, 29875485, 303456, 5000.00, '04-02-2019', 'N'),
	  (158, 29875485, 303456, 5000.00, '05-02-2019', 'N'),
	  (159, 29875485, 303456, 5000.00, '06-02-2019', 'N'),
	  (160, 29875485, 303456, 5000.00, '07-02-2019', 'N'),
	  (156, 29875485, 303456, 5000.00, '08-02-2019', 'N')
go

;
GO



use TAGLE

insert into nacionalidades(cod_nacionalidad, nom_nacionalidad)
values  ('GER', 'Alemana'),
		('ITA', 'Italiana'),
		('FRA', 'Francesa'),
		('USA', 'Americana'),
		('JAP', 'Japonesa')
go

insert into provincias(cod_provincia, nombre_provincia)
values('BA', 'Buenos Aires'),
	  ('CA', 'Catamarca'),
	  ('CH', 'Chaco'),
	  ('CT', 'Chubut'),
	  ('CB', 'Cordoba'),
	  ('CR', 'Corrientes'),
	  ('ER', 'Entre Rios'),
	  ('FO', 'Formosa'),
	  ('JY', 'Jujuy'),
	  ('LP', 'La Pampa'),
	  ('LR', 'La Rioja'),
	  ('MZ', 'Mendoza'),
	  ('MI', 'Misiones'),
	  ('NQ', 'Neuquen'),
	  ('RN', 'Rio Negro'),
	  ('SA', 'Salta '),
	  ('SJ', 'San Juan'),
	  ('SL', 'San Luis'),
	  ('SC', 'Santa Cruz'),
	  ('SF', 'Santa Fe'),
	  ('SE', 'Santiago del Estero'),
	  ('TF', 'Tierra del Fuego'),
	  ('TU', 'Tucuman')
go

insert into localidades(id_localidad, nombre_localidad, cod_provincia)
values(1, 'Rio Cuarto', 'CB'),
	  (2, 'Cordoba Capital', 'CB'),
	  (3, 'San Miguel', 'TU'),
	  (4, 'Jesus Maria', 'CB'),
	  (5, 'Oncativo', 'CB')
go

insert into marcas (id_marca, nombre_marca, cod_nacionalidad)
values  (1, 'Audi', 'GER'),
		(2, 'BMW', 'GER'),
		(3, 'Chevrolet', 'USA'),
		(4, 'Mazda', 'JAP'),
	--	(5, 'Mercedes Benz', 'GER' ),
	--	(6, 'Mitsubishi', 'JAP'),
		(7, 'Nissan', 'JAP'),
		(8, 'Peugeot', 'FRA'),
	--	(9, 'Chrysler/Jeep/Dodge', 'USA'),
	--	(10, 'Citroen', 'FRA'),
	--	(11, 'Fiat', 'ITA'),
		(12, 'Ford', 'USA'),
		(13, 'Volkswagen', 'GER')
go

insert into modelos (id_marca, id_modelo, nombre_modelo)
values  (1, 1, 'A1'),
		(1, 2, 'A3'),
		(1, 3, 'A4'),
		(1, 4, 'Q5'),
	/*	(2, 1, '118i'),
		(2, 2, '320D'),
		(2, 3, '325i'),
		(2, 4, '335i'),
		(2, 5, 'X1D'),
	*/	(3, 1, 'Agile'),
		(3, 2, 'Astra'),
		(3, 3, 'Aveo'),
		(3, 4, 'Captiva'),
		(3, 5, 'Celta'),
		(3, 6, 'Cobalt'),
		(3, 7, 'Corsa'),
		(3 ,8, 'Corsa II'),
		(3, 9, 'Corsa Wagon'),
		(3, 10, 'Cruze'),
		(3, 11, 'Meriva'),
		(3, 12, 'Montana'),
		(3, 13, 'Onix'),
		(3, 14, 'Prisma'),
		(3, 15, 'S10'),
		(3, 16, 'Sonic'),
		(3, 17, 'Spin'),
		(3, 18, 'Tracker'),
		(3, 19, 'Vectra'),
		(3, 20, 'Zafira'),
	/*	(4, 1, 'B2500'),
		(4, 2, 'C200'),
		(5, 1, 'Sprinter'),
		(6, 1, 'L200'),
		(7, 1, 'Frontier'),
		(7, 2, 'March'),
		(7, 3, 'Murano'),
		(7, 4, 'Note'),
		(7, 5, 'NP300'),
		(7, 6, 'Sentra'),
		(7, 7, 'Tiida'),
		(7, 8, 'Versa'),
		(7, 9, 'X-Terra'),
		(7, 10, 'X-Trail'),
		(8, 1 ,'2008'),
		(8, 2, '206'),
		(8, 3, '207'),
		(8, 4, '208'),
		(8, 5, '3008'),
		(8, 6, '307'),
		(8, 7, '308'),
		(8, 8, '408'),
		(8, 9, '508'),
		(9, 1, 'Caravan'),
		(9, 2, 'Compass'),
		(9, 3, 'Gran Cherokee'),
		(9, 4, 'Grand Cherokee Overland'),
		(9, 5, 'Journey'),
		(9, 6, 'Limited'),
		(9, 7, 'Ram'),
		(9, 8, 'Renegade'),
		(10, 1, 'Berlingo'),
		(10, 2, 'C3'),
		(10, 3, 'C3 Aircross'),
		(10, 4, 'C3 Picasso'),
		(10, 5, 'C4'),
		(10, 6, 'DS3'),
		(10, 7, 'S4'),
		(10, 8, 'Xara Picasso'),
		(11, 1, 'Idea'),
		(11, 2, 'Toro'),
		(11, 3, 'Punto'),
		(11, 4, 'Ducato'),
		(11, 5, 'Fiorino'),
		(11, 6, 'Palio'),
		(11, 7, 'Grand Siena'),
		(11, 8, 'Strada'),
	*/	(12, 1, 'Fiesta'),
		(12, 2, 'Focus'),
		(12, 3, 'Ecosport'),
		(12, 4, 'Ka'),
		(12, 5, 'Ranger'),
		(12, 6, 'Mondeo'),
		(12, 7, 'Transit')
go

insert into versiones(id_version, descripcion)
values (1, 'Attractive 1.4'),
	   (2, 'Adventure 1.6'),
	   (3, 'Freedom 4x2 MT'),
	   (4, 'Freedom 4WD MT'),
	   (5, 'Volcano 4WD AT'),
	   (6, 'Essence 1.6'),
	   (7, 'Blackmotion 1.6'),
	   (8, 'Furgón corto 2.3 Techo Normal'),
	   (9, 'Furgón corto 2.3 Techo Normal'),
	   (10, 'Furgón medio 2.3 Techo Normal'),
	   (11, 'Combinato 2.3'),
	   (12, 'Furgon Maxicargo 2.3 Techo Elevado'),
	   (13, '1.4'),
	   (14, 'Adventure 1.6 Cabina Extendida'),
	   (15, 'Trekking 1.3 Multijet Cabina Doble'),
	   (16, 'Working 1.4 Cabina Simple'),
	   (17, 'Working 1.4 Cabina Doble')
go

insert into modelos_versiones (id_marca, id_modelo, id_version)
values(1, 1, 1), -- = Audi
	  (1, 2, 1), -- Verificar versiones (puse todo 1).
	  (1, 3, 1),
	  (1, 4, 1),
	  (3, 1, 1), -- = Chevrolet
	  (3, 5, 1),
	  (3, 10, 1),
	  (3, 20, 1),
	  (12, 1, 1),
	  (12, 2, 1),
	  (12, 5, 1),
	  (12, 7, 1)
	  /*(11, 1, 1), -- 11=Fiat
	  (11, 1, 2),
	  (11, 2, 3),
	  (11, 2, 4),
	  (11, 2, 5),
	  (11, 3, 1),
	  (11, 3, 6),
	  (11, 3, 7),
	  (11, 4, 8),
	  (11, 4, 9),
	  (11, 4, 10),
	  (11, 4, 11),
	  (11, 4, 12),
	  (11, 5, 13),
	  (11, 6, 1),
	  (11, 6, 6),
	  (11, 7, 1),
	  (11, 7, 6)*/
go

insert into colores(id_color, nom_color)
values(1, 'NEGRO'),
	  (2, 'BLANCO'),
	  (3, 'ROJO'),
	  (4, 'AZUL'),
	  (5, 'GRIS PLATA'),
	  (6, 'VERDE'),
	  (7, 'GRIS ACERO'),
	  (8, 'GRIS PETROLEO'),
	  (9, 'AMARILLO')
go

insert into tipos_vehiculos(id_tipo_vehiculo, nombre_tipo_vehiculo)
values(1, 'PARTICULAR'),
	  (2, 'UTILITARIO'),
	  (3, 'COMERCIAL'),
	  (4, 'TRANSPORTE DE PASAJEROS'),
	  (5, 'TRANSPORTE ESCOLAR'),
	  (6, 'CAMION')
go


insert into sucursales(id_sucursal, cod_provincia, id_localidad, nom_sucursal)
values (1, 'CB', 1, 'Sucursal Rio IV'),
	   (2, 'CB', 2, 'Centro'),
	   (3, 'CB', 5, 'Oncativo'),
	   (4, 'CB', 4, 'Jesus Maria')
go


insert into clientes(dni_cliente, apellido_nombre, edad, domicilio, email, cod_provincia, id_localidad, telefono)
values(30245785, 'juan page', 55, 'Luis Reinaudi 1100', 'email@testing.com', 'CB', 1, '3518749568'),
	  (29485621, 'juan hendrix', 55, 'Dean Funes 975', 'email@testing.com', 'CB', 2, '3514875125'),
	  (28451987, 'mirko marley', 55, 'Buenos Aires 785', 'email@testing.com', 'CB', 2, '3517849568'),
	  (26451256, 'Carlos velez', 55, 'Av Uruguay 875', 'email@testing.com', 'CB', 4, '3514785965'),
	  (35214523, 'Gustavo Alberti', 55, 'San Martin 3332', 'email@testing.com', 'CB', 2, '3514785496'),
	  (33415265, 'Luis beilinson', 55, 'Buenos aires 2313', 'email@testing.com', 'CB', 4, '3514785245'),
	  (31256485, 'Juan Pastorius', 55, 'Av Brasil 4424', 'email@testing.com', 'CB', 2, '3514785496'),
	  (28456987, 'Carlos Tirao', 55, 'Arturo M bas 112', 'email@testing.com', 'CB', 2, '3514785496'),
	  (26555222, 'Martin Dimaria', 55, 'Buenos aires 746', 'email@testing.com', 'CB', 1, '3512457895'),
	  (28451965, 'Sergio Davalle', 55, '9 de julio 990', 'email@testing.com', 'CB', 4, '3516524895'),
	  (32528978, 'Roberto Lujan', 55, 'Rivadavia 1100', 'email@testing.com', 'CB', 4, '3516487598')
go

insert into vehiculos (nro_chasis, id_marca, id_modelo, id_version, id_color, id_tipo_vehiculo, precio, año_fabricacion, id_sucursal, nro_patente)
values(1234, 1, 4, 1, 1, 1, 250000.000, 2018, 1, NULL),
	  (1235, 3, 5, 1, 2, 1, 276000.000, 2017, 2, NULL),
	  (1236, 3, 20, 1, 3, 1, 500000.000, 2018, 3, NULL),
	  (1237, 12, 2, 1, 3, 1, 550000.000, 2018, 3, NULL)
go



insert into planes (id_plan, nom_plan, descripcion, cant_cuotas, entrega_pactada, financiacion, dueño_plan)
values(303455, 'Plan Ahorro', 'Plan Ahorro', 36, '5ta cuota', '36cuotas s/interes', 'CON'), 
	  (303456, 'Plan Nacional Chevrolet','Plan Nacional Chevrolet', 60, '5ta cuota', '84 cuotas 0% interes', 'GOB'),
	  (303457, 'Plan 100% financiado', 'Plan 100% financiado', 80, '10ma cuota','84 cuotas 0% interes', 'GOB'),
	  (303458, 'Plan 70/30 cuota reducida', 'Plan 70/30 cuota reducida', 90, '3ra cuota', '84 cuotas 0% interes', 'GOB')
go


insert into adquiridos(id_plan, dni_cliente, cancelado, ganador_sorteo, fecha_sorteado, fecha_entrega, nro_chasis, sucursal_suscripcion, fecha_compra_plan)
values(303455, 30245785, 'N', 'N', null, null, null, 1, '05-02-2016'),
	  (303456, 29485621, 'N', 'N', null, null, null, 3, '05-05-2015'),
	  (303458, 28451987, 'N', 'N', null, null, null, 2, '05-02-2017'),
	  (303455, 26451256, 'N', 'N', null, null, null, 1, '02-13-2015'),
	  (303456, 35214523, 'N', 'N', null, null, null, 1, '03-28-2015'),
	  (303457, 33415265, 'N', 'N', null, null, null, 1, '03-28-2016'),
	  (303457, 31256485, 'N', 'N', null, null, null, 1, '05-15-2017'),
	  (303458, 28456987, 'N', 'N', null, null, null, 1, '07-20-2018'),
	  (303456, 26555222, 'N', 'N', null, null, null, 1, '03-12-2016'),
	  (303458, 28451965, 'N', 'N', null, null, null, 1, '05-05-2017'),
	  (303457, 32528978, 'N', 'N', null, null, null, 1, '05-05-2018')
go


insert into cuotas(id_cuota, dni_cliente, id_plan, importe, fecha_vencimiento, pagó)
values(110, 32528978, 303457, 5000.00, '06-15-2017', 'S'),
	  (111, 32528978, 303457, 5000.00, '07-15-2017', 'S'),
	  (112, 32528978, 303457, 5000.00, '08-15-2017', 'S'),
	  (113, 32528978, 303457, 5000.00, '09-15-2017', 'S'),
	  (114, 32528978, 303457, 5000.00, '10-15-2017', 'S'),
	  (115, 32528978, 303457, 5000.00, '11-15-2017', 'S')
go


insert into cuotas(id_cuota, dni_cliente, id_plan, importe, fecha_vencimiento, pagó)
values(110, 28451965, 303458, 5000.00, '06-15-2017', 'S'),
	  (111, 28451965, 303458, 5000.00, '07-15-2017', 'S'),
	  (112, 28451965, 303458, 5000.00, '08-15-2017', 'S'),
	  (113, 28451965, 303458, 5000.00, '09-15-2017', 'S'),
	  (114, 28451965, 303458, 5000.00, '10-15-2017', 'S'),
	  (115, 28451965, 303458, 5000.00, '11-15-2017', 'S')
go

insert into cuotas(id_cuota, dni_cliente, id_plan, importe, fecha_vencimiento, pagó)
values(110, 26451256, 303455, 5000.00, '06-15-2017', 'S'),
	  (111, 26451256, 303455, 5000.00, '07-15-2017', 'S'),
	  (112, 26451256, 303455, 5000.00, '08-15-2017', 'S'),
	  (113, 26451256, 303455, 5000.00, '09-15-2017', 'S'),
	  (114, 26451256, 303455, 5000.00, '10-15-2017', 'S'),
	  (115, 26451256, 303455, 5000.00, '11-15-2017', 'S')
go

insert into cuotas(id_cuota, dni_cliente, id_plan, importe, fecha_vencimiento, pagó)
values(110, 30245785, 303455, 5000.00, '06-15-2017', 'S'),
	  (111, 30245785, 303455, 5000.00, '07-15-2017', 'S'),
	  (112, 30245785, 303455, 5000.00, '08-15-2017', 'S'),
	  (113, 30245785, 303455, 5000.00, '09-15-2017', 'S'),
	  (114, 30245785, 303455, 5000.00, '10-15-2017', 'S'),
	  (115, 30245785, 303455, 5000.00, '11-15-2017', 'S')
go

insert into cuotas(id_cuota, dni_cliente, id_plan, importe, fecha_vencimiento, pagó)
values(110, 26555222, 303456, 5000.00, '06-15-2017', 'S'),
	  (111, 26555222, 303456, 5000.00, '07-15-2017', 'S'),
	  (112, 26555222, 303456, 5000.00, '08-15-2017', 'S'),
	  (113, 26555222, 303456, 5000.00, '09-15-2017', 'S'),
	  (114, 26555222, 303456, 5000.00, '10-15-2017', 'S'),
	  (115, 26555222, 303456, 5000.00, '11-15-2017', 'S')
go


insert into cuotas(id_cuota, dni_cliente, id_plan, importe, fecha_vencimiento, pagó)
values(110, 28456987, 303458, 5000.00, '06-15-2017', 'S'),
	  (111, 28456987, 303458, 5000.00, '07-15-2017', 'S'),
	  (112, 28456987, 303458, 5000.00, '08-15-2017', 'S'),
	  (113, 28456987, 303458, 5000.00, '09-15-2017', 'S'),
	  (114, 28456987, 303458, 5000.00, '10-15-2017', 'S'),
	  (115, 28456987, 303458, 5000.00, '11-15-2017', 'S')
go


insert into cuotas(id_cuota, dni_cliente, id_plan, importe, fecha_vencimiento, pagó)
values(110, 31256485, 303457, 5000.00, '06-15-2017', 'S'),
	  (111, 31256485, 303457, 5000.00, '07-15-2017', 'S'),
	  (112, 31256485, 303457, 5000.00, '08-15-2017', 'S'),
	  (113, 31256485, 303457, 5000.00, '09-15-2017', 'S'),
	  (114, 31256485, 303457, 5000.00, '10-15-2017', 'S'),
	  (115, 31256485, 303457, 5000.00, '11-15-2017', 'S'),
	  (116, 31256485, 303457, 5000.00, '12-15-2017', 'S'),
	  (117, 31256485, 303457, 5000.00, '01-15-2017', 'S'),
	  (118, 31256485, 303457, 5000.00, '02-15-2017', 'S'),
	  (119, 31256485, 303457, 5000.00, '03-15-2018', 'S'),
	  (120, 31256485, 303457, 5000.00, '04-15-2018', 'S'),
	  (121, 31256485, 303457, 5000.00, '05-15-2018', 'S'),
	  (122, 31256485, 303457, 5000.00, '06-15-2018', 'S'),
	  (123, 31256485, 303457, 5000.00, '07-15-2018', 'S'),
	  (124, 31256485, 303457, 5000.00, '08-15-2018', 'S'),
	  (125, 31256485, 303457, 5000.00, '09-15-2018', 'S'),
	  (126, 31256485, 303457, 5000.00, '10-15-2018', 'S'),
	  (127, 31256485, 303457, 5000.00, '11-15-2018', 'S'),
	  (128, 31256485, 303457, 5000.00, '12-15-2018', 'S'),
	  (129, 31256485, 303457, 5000.00, '01-15-2018', 'S'),
	  (130, 31256485, 303457, 5000.00, '02-15-2018', 'S'),
	  (131, 31256485, 303457, 5000.00, '03-15-2019', 'S'),
	  (132, 31256485, 303457, 5000.00, '04-15-2019', 'S'),
	  (133, 31256485, 303457, 5000.00, '05-15-2019', 'S'),
	  (134, 31256485, 303457, 5000.00, '06-15-2019', 'S'),
	  (135, 31256485, 303457, 5000.00, '07-15-2019', 'S'),
	  (136, 31256485, 303457, 5000.00, '08-15-2019', 'S'),
	  (137, 31256485, 303457, 5000.00, '09-15-2019', 'S'),
	  (138, 31256485, 303457, 5000.00, '10-15-2019', 'S'),
	  (139, 31256485, 303457, 5000.00, '11-15-2019', 'S'),
	  (140, 31256485, 303457, 5000.00, '12-15-2019', 'S'),
	  (141, 31256485, 303457, 5000.00, '01-15-2019', 'S'),
	  (142, 31256485, 303457, 5000.00, '02-15-2019', 'N'),
	  (143, 31256485, 303457, 5000.00, '03-15-2020', 'N'),
	  (144, 31256485, 303457, 5000.00, '04-15-2020', 'N'),
	  (145, 31256485, 303457, 5000.00, '05-15-2020', 'N'),
	  (146, 31256485, 303457, 5000.00, '06-15-2020', 'N'),
	  (147, 31256485, 303457, 5000.00, '07-15-2020', 'N'),
	  (148, 31256485, 303457, 5000.00, '08-15-2020', 'N'),
	  (149, 31256485, 303457, 5000.00, '09-15-2020', 'N'),
	  (150, 31256485, 303457, 5000.00, '10-15-2020', 'N'),
	  (151, 31256485, 303457, 5000.00, '11-15-2020', 'N'),
	  (152, 31256485, 303457, 5000.00, '12-15-2020', 'N'),
	  (153, 31256485, 303457, 5000.00, '01-15-2021', 'N'),
	  (154, 31256485, 303457, 5000.00, '02-15-2021', 'N'),
	  (155, 31256485, 303457, 5000.00, '03-15-2021', 'N'),
	  (157, 31256485, 303457, 5000.00, '04-15-2021', 'N'),
	  (158, 31256485, 303457, 5000.00, '05-15-2021', 'N'),
	  (159, 31256485, 303457, 5000.00, '06-15-2021', 'N'),
	  (160, 31256485, 303457, 5000.00, '07-15-2021', 'N'),
	  (156, 31256485, 303457, 5000.00, '08-15-2021', 'N')
go

insert into cuotas(id_cuota, dni_cliente, id_plan, importe, fecha_vencimiento, pagó)
values(110, 33415265, 303457, 5000.00, '04-28-2016', 'S'),
	  (111, 33415265, 303457, 5000.00, '05-28-2016', 'S'),
	  (112, 33415265, 303457, 5000.00, '06-28-2016', 'S'),
	  (113, 33415265, 303457, 5000.00, '07-28-2016', 'S'),
	  (114, 33415265, 303457, 5000.00, '08-28-2016', 'S'),
	  (115, 33415265, 303457, 5000.00, '09-28-2016', 'S'),
	  (116, 33415265, 303457, 5000.00, '10-28-2016', 'S'),
	  (117, 33415265, 303457, 5000.00, '11-28-2016', 'S'),
	  (118, 33415265, 303457, 5000.00, '12-28-2016', 'S'),
	  (119, 33415265, 303457, 5000.00, '01-28-2017', 'S'),
	  (120, 33415265, 303457, 5000.00, '02-28-2017', 'S'),
	  (121, 33415265, 303457, 5000.00, '03-28-2017', 'S'),
	  (122, 33415265, 303457, 5000.00, '04-28-2017', 'S'),
	  (123, 33415265, 303457, 5000.00, '05-28-2017', 'S'),
	  (124, 33415265, 303457, 5000.00, '06-28-2017', 'S'),
	  (125, 33415265, 303457, 5000.00, '07-28-2017', 'S'),
	  (126, 33415265, 303457, 5000.00, '08-28-2017', 'S'),
	  (127, 33415265, 303457, 5000.00, '09-28-2017', 'S'),
	  (128, 33415265, 303457, 5000.00, '10-28-2017', 'S'),
	  (129, 33415265, 303457, 5000.00, '11-28-2017', 'S'),
	  (130, 33415265, 303457, 5000.00, '12-28-2017', 'S'),
	  (131, 33415265, 303457, 5000.00, '01-28-2018', 'S'),
	  (132, 33415265, 303457, 5000.00, '02-28-2018', 'S'),
	  (133, 33415265, 303457, 5000.00, '03-28-2018', 'S'),
	  (134, 33415265, 303457, 5000.00, '04-28-2018', 'S'),
	  (135, 33415265, 303457, 5000.00, '05-28-2018', 'S'),
	  (136, 33415265, 303457, 5000.00, '06-28-2018', 'S'),
	  (137, 33415265, 303457, 5000.00, '07-28-2018', 'S'),
	  (138, 33415265, 303457, 5000.00, '08-28-2018', 'S'),
	  (139, 33415265, 303457, 5000.00, '09-28-2018', 'S'),
	  (140, 33415265, 303457, 5000.00, '10-28-2018', 'S'),
	  (141, 33415265, 303457, 5000.00, '11-28-2018', 'S'),
	  (142, 33415265, 303457, 5000.00, '12-28-2018', 'N'),
	  (143, 33415265, 303457, 5000.00, '01-28-2019', 'N'),
	  (144, 33415265, 303457, 5000.00, '02-28-2019', 'N'),
	  (145, 33415265, 303457, 5000.00, '03-28-2019', 'N'),
	  (146, 33415265, 303457, 5000.00, '04-28-2019', 'N'),
	  (147, 33415265, 303457, 5000.00, '05-28-2019', 'N'),
	  (148, 33415265, 303457, 5000.00, '06-28-2019', 'N'),
	  (149, 33415265, 303457, 5000.00, '07-28-2019', 'N'),
	  (150, 33415265, 303457, 5000.00, '08-28-2019', 'N'),
	  (151, 33415265, 303457, 5000.00, '09-28-2019', 'N'),
	  (152, 33415265, 303457, 5000.00, '10-28-2019', 'N'),
	  (153, 33415265, 303457, 5000.00, '11-28-2019', 'N'),
	  (154, 33415265, 303457, 5000.00, '12-28-2019', 'N'),
	  (155, 33415265, 303457, 5000.00, '01-28-2020', 'N'),
	  (157, 33415265, 303457, 5000.00, '02-28-2020', 'N'),
	  (158, 33415265, 303457, 5000.00, '03-28-2020', 'N'),
	  (159, 33415265, 303457, 5000.00, '04-28-2020', 'N'),
	  (160, 33415265, 303457, 5000.00, '05-28-2020', 'N'),
	  (156, 33415265, 303457, 5000.00, '06-28-2020', 'N')
go

insert into cuotas(id_cuota, dni_cliente, id_plan, importe, fecha_vencimiento, pagó)
values(110, 35214523, 303456, 5000.00, '04-28-2015', 'S'),
	  (111, 35214523, 303456, 5000.00, '05-28-2015', 'S'),
	  (112, 35214523, 303456, 5000.00, '06-28-2015', 'S'),
	  (113, 35214523, 303456, 5000.00, '07-28-2015', 'S'),
	  (114, 35214523, 303456, 5000.00, '08-28-2015', 'S'),
	  (115, 35214523, 303456, 5000.00, '09-28-2015', 'S'),
	  (116, 35214523, 303456, 5000.00, '10-28-2015', 'S'),
	  (117, 35214523, 303456, 5000.00, '11-28-2015', 'S'),
	  (118, 35214523, 303456, 5000.00, '12-28-2015', 'S'),
	  (119, 35214523, 303456, 5000.00, '01-28-2016', 'S'),
	  (120, 35214523, 303456, 5000.00, '02-28-2016', 'S'),
	  (121, 35214523, 303456, 5000.00, '03-28-2016', 'S'),
	  (122, 35214523, 303456, 5000.00, '04-28-2016', 'S'),
	  (123, 35214523, 303456, 5000.00, '05-28-2016', 'S'),
	  (124, 35214523, 303456, 5000.00, '06-28-2016', 'S'),
	  (125, 35214523, 303456, 5000.00, '07-28-2016', 'S'),
	  (126, 35214523, 303456, 5000.00, '08-28-2016', 'S'),
	  (127, 35214523, 303456, 5000.00, '09-28-2016', 'S'),
	  (128, 35214523, 303456, 5000.00, '10-28-2016', 'S'),
	  (129, 35214523, 303456, 5000.00, '11-28-2016', 'S'),
	  (130, 35214523, 303456, 5000.00, '12-28-2016', 'S'),
	  (131, 35214523, 303456, 5000.00, '01-28-2017', 'S'),
	  (132, 35214523, 303456, 5000.00, '02-28-2017', 'S'),
	  (133, 35214523, 303456, 5000.00, '03-28-2017', 'S'),
	  (134, 35214523, 303456, 5000.00, '04-28-2017', 'N'),
	  (135, 35214523, 303456, 5000.00, '05-28-2017', 'N'),
	  (136, 35214523, 303456, 5000.00, '06-28-2017', 'N'),
	  (137, 35214523, 303456, 5000.00, '07-28-2017', 'N'),
	  (138, 35214523, 303456, 5000.00, '08-28-2017', 'N'),
	  (139, 35214523, 303456, 5000.00, '09-28-2017', 'N'),
	  (140, 35214523, 303456, 5000.00, '10-28-2017', 'N'),
	  (141, 35214523, 303456, 5000.00, '11-28-2017', 'N'),
	  (142, 35214523, 303456, 5000.00, '12-28-2017', 'N'),
	  (143, 35214523, 303456, 5000.00, '01-28-2018', 'N'),
	  (144, 35214523, 303456, 5000.00, '02-28-2018', 'N'),
	  (145, 35214523, 303456, 5000.00, '03-28-2018', 'N'),
	  (146, 35214523, 303456, 5000.00, '04-28-2018', 'N'),
	  (147, 35214523, 303456, 5000.00, '05-28-2018', 'N'),
	  (148, 35214523, 303456, 5000.00, '06-28-2018', 'N'),
	  (149, 35214523, 303456, 5000.00, '07-28-2018', 'N'),
	  (150, 35214523, 303456, 5000.00, '08-28-2018', 'N'),
	  (151, 35214523, 303456, 5000.00, '09-28-2018', 'N'),
	  (152, 35214523, 303456, 5000.00, '10-28-2018', 'N'),
	  (153, 35214523, 303456, 5000.00, '11-28-2018', 'N'),
	  (154, 35214523, 303456, 5000.00, '12-28-2018', 'N'),
	  (155, 35214523, 303456, 5000.00, '01-28-2019', 'N'),
	  (157, 35214523, 303456, 5000.00, '02-28-2019', 'N'),
	  (158, 35214523, 303456, 5000.00, '03-28-2019', 'N'),
	  (159, 35214523, 303456, 5000.00, '04-28-2019', 'N'),
	  (160, 35214523, 303456, 5000.00, '05-28-2019', 'N'),
	  (156, 35214523, 303456, 5000.00, '06-28-2019', 'N')
go

insert into cuotas(id_cuota, dni_cliente, id_plan, importe, fecha_vencimiento, pagó)
values(110, 28451987, 303458, 5000.00, '06-02-2017', 'S'),
	  (111, 28451987, 303458, 5000.00, '07-02-2017', 'S'),
	  (112, 28451987, 303458, 5000.00, '08-02-2017', 'S'),
	  (113, 28451987, 303458, 5000.00, '09-02-2017', 'S'),
	  (114, 28451987, 303458, 5000.00, '10-02-2017', 'S'),
	  (115, 28451987, 303458, 5000.00, '11-02-2017', 'S'),
	  (116, 28451987, 303458, 5000.00, '12-02-2017', 'S'),
	  (117, 28451987, 303458, 5000.00, '01-02-2018', 'S'),
	  (118, 28451987, 303458, 5000.00, '02-02-2018', 'S'),
	  (119, 28451987, 303458, 5000.00, '03-02-2018', 'S'),
	  (120, 28451987, 303458, 5000.00, '04-02-2018', 'S'),
	  (121, 28451987, 303458, 5000.00, '05-02-2018', 'S'),
	  (122, 28451987, 303458, 5000.00, '06-02-2018', 'S'),
	  (123, 28451987, 303458, 5000.00, '07-02-2018', 'S'),
	  (124, 28451987, 303458, 5000.00, '08-02-2018', 'S'),
	  (125, 28451987, 303458, 5000.00, '09-02-2018', 'S'),
	  (126, 28451987, 303458, 5000.00, '10-02-2018', 'S'),
	  (127, 28451987, 303458, 5000.00, '11-02-2018', 'S'),
	  (128, 28451987, 303458, 5000.00, '12-02-2018', 'S'),
	  (129, 28451987, 303458, 5000.00, '01-02-2019', 'S'),
	  (130, 28451987, 303458, 5000.00, '02-02-2019', 'S'),
	  (131, 28451987, 303458, 5000.00, '03-02-2019', 'S'),
	  (132, 28451987, 303458, 5000.00, '04-02-2019', 'S'),
	  (133, 28451987, 303458, 5000.00, '05-02-2019', 'S'),
	  (134, 28451987, 303458, 5000.00, '06-02-2019', 'N'),
	  (135, 28451987, 303458, 5000.00, '07-02-2019', 'N'),
	  (136, 28451987, 303458, 5000.00, '08-02-2019', 'N'),
	  (137, 28451987, 303458, 5000.00, '09-02-2019', 'N'),
	  (138, 28451987, 303458, 5000.00, '10-02-2019', 'N'),
	  (139, 28451987, 303458, 5000.00, '11-02-2019', 'N'),
	  (140, 28451987, 303458, 5000.00, '12-02-2019', 'N'),
	  (141, 28451987, 303458, 5000.00, '01-02-2020', 'N'),
	  (142, 28451987, 303458, 5000.00, '02-02-2020', 'N'),
	  (143, 28451987, 303458, 5000.00, '03-02-2020', 'N'),
	  (144, 28451987, 303458, 5000.00, '04-02-2020', 'N'),
	  (145, 28451987, 303458, 5000.00, '05-02-2020', 'N'),
	  (146, 28451987, 303458, 5000.00, '06-02-2020', 'N'),
	  (147, 28451987, 303458, 5000.00, '07-02-2020', 'N'),
	  (148, 28451987, 303458, 5000.00, '08-02-2020', 'N'),
	  (149, 28451987, 303458, 5000.00, '09-02-2020', 'N'),
	  (150, 28451987, 303458, 5000.00, '10-02-2020', 'N'),
	  (151, 28451987, 303458, 5000.00, '11-02-2020', 'N'),
	  (152, 28451987, 303458, 5000.00, '12-02-2020', 'N'),
	  (153, 28451987, 303458, 5000.00, '01-02-2021', 'N'),
	  (154, 28451987, 303458, 5000.00, '02-02-2021', 'N'),
	  (155, 28451987, 303458, 5000.00, '03-02-2021', 'N'),
	  (157, 28451987, 303458, 5000.00, '04-02-2021', 'N'),
	  (158, 28451987, 303458, 5000.00, '05-02-2021', 'N'),
	  (159, 28451987, 303458, 5000.00, '06-02-2021', 'N'),
	  (160, 28451987, 303458, 5000.00, '07-02-2021', 'N'),
	  (156, 28451987, 303458, 5000.00, '08-02-2021', 'N')
go

insert into cuotas(id_cuota, dni_cliente, id_plan, importe, fecha_vencimiento, pagó)
values(110, 29485621, 303456, 5000.00, '06-02-2015', 'S'),
	  (111, 29485621, 303456, 5000.00, '07-02-2015', 'S'),
	  (112, 29485621, 303456, 5000.00, '08-02-2015', 'S'),
	  (113, 29485621, 303456, 5000.00, '09-02-2015', 'S'),
	  (114, 29485621, 303456, 5000.00, '10-02-2015', 'S'),
	  (115, 29485621, 303456, 5000.00, '11-02-2015', 'S'),
	  (116, 29485621, 303456, 5000.00, '12-02-2015', 'S'),
	  (117, 29485621, 303456, 5000.00, '01-02-2016', 'S'),
	  (118, 29485621, 303456, 5000.00, '02-02-2016', 'S'),
	  (119, 29485621, 303456, 5000.00, '03-02-2016', 'S'),
	  (120, 29485621, 303456, 5000.00, '04-02-2016', 'S'),
	  (121, 29485621, 303456, 5000.00, '05-02-2016', 'S'),
	  (122, 29485621, 303456, 5000.00, '06-02-2016', 'S'),
	  (123, 29485621, 303456, 5000.00, '07-02-2016', 'S'),
	  (124, 29485621, 303456, 5000.00, '08-02-2016', 'S'),
	  (125, 29485621, 303456, 5000.00, '09-02-2016', 'S'),
	  (126, 29485621, 303456, 5000.00, '10-02-2016', 'S'),
	  (127, 29485621, 303456, 5000.00, '11-02-2016', 'S'),
	  (128, 29485621, 303456, 5000.00, '12-02-2016', 'S'),
	  (129, 29485621, 303456, 5000.00, '01-02-2017', 'S'),
	  (130, 29485621, 303456, 5000.00, '02-02-2017', 'S'),
	  (131, 29485621, 303456, 5000.00, '03-02-2017', 'S'),
	  (132, 29485621, 303456, 5000.00, '04-02-2017', 'S'),
	  (133, 29485621, 303456, 5000.00, '05-02-2017', 'S'),
	  (134, 29485621, 303456, 5000.00, '06-02-2017', 'N'),
	  (135, 29485621, 303456, 5000.00, '07-02-2017', 'N'),
	  (136, 29485621, 303456, 5000.00, '08-02-2017', 'N'),
	  (137, 29485621, 303456, 5000.00, '09-02-2017', 'N'),
	  (138, 29485621, 303456, 5000.00, '10-02-2017', 'N'),
	  (139, 29485621, 303456, 5000.00, '11-02-2017', 'N'),
	  (140, 29485621, 303456, 5000.00, '12-02-2017', 'N'),
	  (141, 29485621, 303456, 5000.00, '01-02-2018', 'N'),
	  (142, 29485621, 303456, 5000.00, '02-02-2018', 'N'),
	  (143, 29485621, 303456, 5000.00, '03-02-2018', 'N'),
	  (144, 29485621, 303456, 5000.00, '04-02-2018', 'N'),
	  (145, 29485621, 303456, 5000.00, '05-02-2018', 'N'),
	  (146, 29485621, 303456, 5000.00, '06-02-2018', 'N'),
	  (147, 29485621, 303456, 5000.00, '07-02-2018', 'N'),
	  (148, 29485621, 303456, 5000.00, '08-02-2018', 'N'),
	  (149, 29485621, 303456, 5000.00, '09-02-2018', 'N'),
	  (150, 29485621, 303456, 5000.00, '10-02-2018', 'N'),
	  (151, 29485621, 303456, 5000.00, '11-02-2018', 'N'),
	  (152, 29485621, 303456, 5000.00, '12-02-2018', 'N'),
	  (153, 29485621, 303456, 5000.00, '01-02-2019', 'N'),
	  (154, 29485621, 303456, 5000.00, '02-02-2019', 'N'),
	  (155, 29485621, 303456, 5000.00, '03-02-2019', 'N'),
	  (157, 29485621, 303456, 5000.00, '04-02-2019', 'N'),
	  (158, 29485621, 303456, 5000.00, '05-02-2019', 'N'),
	  (159, 29485621, 303456, 5000.00, '06-02-2019', 'N'),
	  (160, 29485621, 303456, 5000.00, '07-02-2019', 'N'),
	  (156, 29485621, 303456, 5000.00, '08-02-2019', 'N')
go

;
GO
